O10000,X1,Y2
O10001,X1,Y2
O10002,X2,Y3
O10003,X2,Y2
O10004,X1,Y1
O10005,X1,Y3
O10006,X1,Y3
O10007,X0,Y3
O10008,X1,Y1
O10009,X0,Y1
O100010,X0,Y1
O100011,X0,Y3
O100012,X0,Y1
O100013,X3,Y0
O100014,X0,Y3
O100015,X2,Y1
O100016,X0,Y0
O100017,X0,Y0
O100018,X2,Y0
O100019,X0,Y1
O100020,X3,Y0
O100021,X0,Y2
O100022,X3,Y2
O100023,X3,Y2
O100024,X3,Y3
O100025,X2,Y0
O100026,X2,Y3
O100027,X2,Y0
O100028,X2,Y0
O100029,X1,Y2
O100030,X3,Y1
O100031,X0,Y0
O100032,X3,Y1
O100033,X2,Y1
O100034,X1,Y1
O100035,X3,Y1
O100036,X1,Y1
O100037,X3,Y1
O100038,X2,Y1
O100039,X1,Y0
O100040,X2,Y2
O100041,X1,Y2
O100042,X2,Y0
O100043,X1,Y1
O100044,X1,Y2
O100045,X1,Y0
O100046,X0,Y0
O100047,X0,Y2
O100048,X0,Y2
O100049,X1,Y2
O100050,X3,Y0
O100051,X1,Y2
O100052,X1,Y2
O100053,X0,Y2
O100054,X0,Y3
O100055,X0,Y0
O100056,X3,Y2
O100057,X0,Y1
O100058,X3,Y1
O100059,X1,Y1
O100060,X3,Y3
O100061,X0,Y3
O100062,X0,Y1
O100063,X0,Y3
O100064,X0,Y3
O100065,X3,Y1
O100066,X2,Y0
O100067,X2,Y3
O100068,X2,Y0
O100069,X3,Y0
O100070,X1,Y3
O100071,X3,Y1
O100072,X2,Y0
O100073,X3,Y2
O100074,X2,Y2
O100075,X3,Y2
O100076,X2,Y2
O100077,X2,Y0
O100078,X1,Y3
O100079,X1,Y1
O100080,X1,Y0
O100081,X1,Y3
O100082,X2,Y1
O100083,X0,Y0
O100084,X2,Y2
O100085,X2,Y1
O100086,X2,Y3
O100087,X1,Y3
O100088,X1,Y3
O100089,X0,Y1
O100090,X1,Y3
O100091,X0,Y3
O100092,X2,Y3
O100093,X3,Y2
O100094,X1,Y3
O100095,X1,Y2
O100096,X1,Y2
O100097,X0,Y2
O100098,X0,Y2
O100099,X0,Y1
O1000100,X3,Y3
O1000101,X3,Y2
O1000102,X3,Y0
O1000103,X3,Y0
O1000104,X3,Y2
O1000105,X3,Y0
O1000106,X2,Y2
O1000107,X3,Y2
O1000108,X2,Y0
O1000109,X0,Y3
O1000110,X2,Y2
O1000111,X3,Y0
O1000112,X3,Y2
O1000113,X3,Y1
O1000114,X3,Y1
O1000115,X3,Y1
O1000116,X3,Y3
O1000117,X0,Y0
O1000118,X3,Y1
O1000119,X2,Y3
O1000120,X3,Y0
O1000121,X2,Y2
O1000122,X1,Y3
O1000123,X2,Y3
O1000124,X2,Y1
O1000125,X1,Y3
O1000126,X1,Y0
O1000127,X1,Y0
O1000128,X3,Y0
O1000129,X1,Y2
O1000130,X0,Y2
O1000131,X0,Y2
O1000132,X1,Y0
O1000133,X0,Y3
O1000134,X2,Y1
O1000135,X3,Y1
O1000136,X2,Y2
O1000137,X1,Y1
O1000138,X1,Y3
O1000139,X1,Y3
O1000140,X0,Y0
O1000141,X0,Y3
O1000142,X0,Y3
O1000143,X0,Y3
O1000144,X0,Y1
O1000145,X3,Y2
O1000146,X1,Y0
O1000147,X3,Y3
O1000148,X1,Y1
O1000149,X0,Y2
O1000150,X0,Y0
O1000151,X0,Y2
O1000152,X3,Y3
O1000153,X0,Y0
O1000154,X3,Y0
O1000155,X2,Y0
O1000156,X2,Y2
O1000157,X2,Y1
O1000158,X2,Y2
O1000159,X2,Y2
O1000160,X2,Y2
O1000161,X0,Y3
O1000162,X1,Y2
O1000163,X3,Y1
O1000164,X1,Y1
O1000165,X3,Y1
O1000166,X2,Y1
O1000167,X2,Y1
O1000168,X2,Y1
O1000169,X1,Y3
O1000170,X2,Y3
O1000171,X1,Y2
O1000172,X2,Y2
O1000173,X0,Y0
O1000174,X3,Y2
O1000175,X0,Y2
O1000176,X2,Y3
O1000177,X0,Y3
O1000178,X2,Y2
O1000179,X1,Y2
O1000180,X2,Y0
O1000181,X1,Y0
O1000182,X1,Y0
O1000183,X1,Y0
O1000184,X0,Y0
O1000185,X0,Y0
O1000186,X0,Y3
O1000187,X3,Y1
O1000188,X3,Y3
O1000189,X0,Y3
O1000190,X2,Y3
O1000191,X0,Y3
O1000192,X2,Y1
O1000193,X0,Y1
O1000194,X3,Y2
O1000195,X0,Y1
O1000196,X3,Y1
O1000197,X3,Y1
O1000198,X3,Y2
O1000199,X3,Y0
O1000200,X3,Y2
O1000201,X3,Y2
O1000202,X2,Y0
O1000203,X2,Y0
O1000204,X2,Y2
O1000205,X0,Y0
O1000206,X3,Y2
O1000207,X0,Y2
O1000208,X2,Y2
O1000209,X2,Y2
O1000210,X2,Y1
O1000211,X2,Y3
O1000212,X1,Y1
O1000213,X2,Y0
O1000214,X1,Y2
O1000215,X1,Y1
O1000216,X1,Y0
O1000217,X1,Y2
O1000218,X2,Y0
O1000219,X0,Y3
O1000220,X2,Y3
O1000221,X0,Y1
O1000222,X2,Y3
O1000223,X1,Y2
O1000224,X1,Y1
O1000225,X1,Y1
O1000226,X0,Y2
O1000227,X0,Y2
O1000228,X0,Y3
O1000229,X3,Y2
O1000230,X0,Y0
O1000231,X3,Y0
O1000232,X3,Y0
O1000233,X3,Y1
O1000234,X3,Y0
O1000235,X1,Y0
O1000236,X1,Y2
O1000237,X0,Y2
O1000238,X0,Y2
O1000239,X0,Y0
O1000240,X3,Y3
O1000241,X3,Y0
O1000242,X3,Y1
O1000243,X3,Y3
O1000244,X2,Y0
O1000245,X2,Y1
O1000246,X2,Y1
O1000247,X0,Y1
O1000248,X2,Y3
O1000249,X0,Y3
O1000250,X2,Y2
O1000251,X2,Y1
O1000252,X1,Y1
O1000253,X3,Y1
O1000254,X1,Y1
O1000255,X3,Y3
O1000256,X2,Y1
O1000257,X0,Y0
O1000258,X3,Y1
O1000259,X1,Y0
O1000260,X2,Y2
O1000261,X1,Y2
O1000262,X1,Y2
O1000263,X1,Y2
O1000264,X1,Y0
O1000265,X0,Y2
O1000266,X1,Y0
O1000267,X0,Y0
O1000268,X2,Y2
O1000269,X0,Y2
O1000270,X1,Y0
O1000271,X1,Y1
O1000272,X1,Y3
O1000273,X0,Y3
O1000274,X1,Y3
O1000275,X0,Y3
O1000276,X3,Y3
O1000277,X0,Y1
O1000278,X0,Y1
O1000279,X0,Y3
O1000280,X0,Y0
O1000281,X3,Y1
O1000282,X3,Y0
O1000283,X3,Y3
O1000284,X2,Y1
O1000285,X0,Y3
O1000286,X2,Y0
O1000287,X0,Y0
O1000288,X3,Y0
O1000289,X0,Y2
O1000290,X3,Y2
O1000291,X0,Y0
O1000292,X3,Y3
O1000293,X3,Y0
O1000294,X3,Y1
O1000295,X2,Y1
O1000296,X2,Y1
O1000297,X1,Y1
O1000298,X2,Y1
O1000299,X1,Y3
O1000300,X3,Y1
O1000301,X1,Y3
O1000302,X2,Y3
O1000303,X2,Y3
O1000304,X2,Y0
O1000305,X2,Y2
O1000306,X2,Y3
O1000307,X2,Y1
O1000308,X1,Y2
O1000309,X0,Y0
O1000310,X1,Y3
O1000311,X0,Y1
O1000312,X3,Y3
O1000313,X0,Y0
O1000314,X3,Y0
O1000315,X1,Y0
O1000316,X3,Y3
O1000317,X1,Y1
O1000318,X1,Y2
O1000319,X0,Y2
O1000320,X0,Y1
O1000321,X0,Y2
O1000322,X0,Y3
O1000323,X0,Y0
O1000324,X3,Y2
O1000325,X0,Y1
O1000326,X2,Y1
O1000327,X1,Y1
O1000328,X2,Y1
O1000329,X1,Y1
O1000330,X0,Y1
O1000331,X0,Y3
O1000332,X3,Y0
O1000333,X3,Y1
O1000334,X3,Y2
O1000335,X3,Y0
O1000336,X2,Y1
O1000337,X2,Y1
O1000338,X2,Y0
O1000339,X2,Y1
O1000340,X2,Y2
O1000341,X1,Y2
O1000342,X3,Y2
O1000343,X1,Y0
O1000344,X3,Y2
O1000345,X2,Y0
O1000346,X2,Y1
O1000347,X1,Y2
O1000348,X1,Y1
O1000349,X2,Y1
O1000350,X1,Y3
O1000351,X2,Y2
O1000352,X1,Y1
O1000353,X2,Y3
O1000354,X1,Y3
O1000355,X2,Y3
O1000356,X1,Y3
O1000357,X0,Y3
O1000358,X1,Y0
O1000359,X1,Y1
O1000360,X1,Y1
O1000361,X0,Y0
O1000362,X0,Y2
O1000363,X0,Y0
O1000364,X0,Y0
O1000365,X0,Y0
O1000366,X3,Y0
O1000367,X0,Y2
O1000368,X3,Y1
O1000369,X3,Y2
O1000370,X3,Y2
O1000371,X2,Y1
O1000372,X3,Y1
O1000373,X2,Y1
O1000374,X3,Y2
O1000375,X2,Y1
O1000376,X2,Y1
O1000377,X2,Y3
O1000378,X1,Y3
O1000379,X1,Y3
O1000380,X1,Y1
O1000381,X1,Y1
O1000382,X0,Y1
O1000383,X2,Y2
O1000384,X3,Y1
O1000385,X2,Y3
O1000386,X3,Y0
O1000387,X2,Y0
O1000388,X3,Y2
O1000389,X2,Y2
O1000390,X2,Y2
O1000391,X2,Y2
O1000392,X1,Y2
O1000393,X2,Y0
O1000394,X1,Y1
O1000395,X0,Y2
O1000396,X1,Y3
O1000397,X0,Y0
O1000398,X0,Y1
O1000399,X0,Y3
O1000400,X3,Y1
O1000401,X1,Y3
O1000402,X3,Y3
O1000403,X1,Y3
O1000404,X3,Y1
O1000405,X1,Y1
O1000406,X0,Y0
O1000407,X1,Y0
O1000408,X3,Y2
O1000409,X3,Y0
O1000410,X0,Y0
O1000411,X3,Y2
O1000412,X3,Y0
O1000413,X3,Y3
O1000414,X3,Y0
O1000415,X3,Y2
O1000416,X2,Y2
O1000417,X0,Y2
O1000418,X2,Y2
O1000419,X3,Y2
O1000420,X3,Y2
O1000421,X3,Y2
O1000422,X1,Y3
O1000423,X2,Y1
O1000424,X3,Y1
O1000425,X1,Y1
O1000426,X2,Y0
O1000427,X3,Y0
O1000428,X1,Y1
O1000429,X3,Y1
O1000430,X2,Y1
O1000431,X1,Y3
O1000432,X1,Y1
O1000433,X1,Y1
O1000434,X1,Y1
O1000435,X2,Y1
O1000436,X2,Y1
O1000437,X0,Y3
O1000438,X1,Y0
O1000439,X0,Y0
O1000440,X0,Y3
O1000441,X2,Y0
O1000442,X2,Y2
O1000443,X1,Y0
O1000444,X1,Y2
O1000445,X0,Y0
O1000446,X1,Y2
O1000447,X3,Y0
O1000448,X3,Y3
O1000449,X1,Y2
O1000450,X1,Y2
O1000451,X0,Y2
O1000452,X0,Y2
O1000453,X3,Y3
O1000454,X3,Y0
O1000455,X3,Y1
O1000456,X0,Y0
O1000457,X0,Y1
O1000458,X0,Y3
O1000459,X3,Y1
O1000460,X0,Y3
O1000461,X2,Y1
O1000462,X3,Y3
O1000463,X0,Y1
O1000464,X3,Y3
O1000465,X2,Y2
O1000466,X3,Y2
O1000467,X0,Y2
O1000468,X2,Y2
O1000469,X2,Y0
O1000470,X3,Y2
O1000471,X2,Y0
O1000472,X2,Y2
O1000473,X0,Y0
O1000474,X2,Y2
O1000475,X2,Y0
O1000476,X2,Y2
O1000477,X2,Y2
O1000478,X1,Y0
O1000479,X0,Y0
O1000480,X2,Y1
O1000481,X2,Y1
O1000482,X1,Y1
O1000483,X1,Y0
O1000484,X1,Y1
O1000485,X1,Y1
O1000486,X2,Y1
O1000487,X2,Y1
O1000488,X1,Y3
O1000489,X1,Y1
O1000490,X0,Y3
O1000491,X1,Y1
O1000492,X0,Y1
O1000493,X1,Y2
O1000494,X1,Y1
O1000495,X1,Y1
O1000496,X0,Y3
O1000497,X0,Y0
O1000498,X3,Y3
O1000499,X0,Y3
O1000500,X1,Y3
O1000501,X1,Y2
O1000502,X0,Y0
O1000503,X0,Y2
O1000504,X3,Y0
O1000505,X3,Y2
O1000506,X0,Y0
O1000507,X3,Y2
O1000508,X3,Y0
O1000509,X2,Y1
O1000510,X3,Y1
O1000511,X0,Y0
O1000512,X0,Y3
O1000513,X0,Y2
O1000514,X2,Y3
O1000515,X3,Y2
O1000516,X3,Y3
O1000517,X2,Y1
O1000518,X3,Y3
O1000519,X1,Y2
O1000520,X2,Y1
O1000521,X3,Y3
O1000522,X2,Y1
O1000523,X2,Y3
O1000524,X2,Y0
O1000525,X1,Y0
O1000526,X1,Y3
O1000527,X3,Y0
O1000528,X2,Y0
O1000529,X2,Y0
O1000530,X1,Y2
O1000531,X1,Y0
O1000532,X1,Y2
O1000533,X0,Y0
O1000534,X0,Y0
O1000535,X1,Y2
O1000536,X2,Y2
O1000537,X0,Y3
O1000538,X1,Y0
O1000539,X1,Y0
O1000540,X0,Y0
O1000541,X0,Y3
O1000542,X3,Y1
O1000543,X0,Y3
O1000544,X1,Y1
O1000545,X3,Y3
O1000546,X0,Y1
O1000547,X0,Y3
O1000548,X3,Y1
O1000549,X3,Y3
O1000550,X1,Y1
O1000551,X0,Y0
O1000552,X0,Y0
O1000553,X3,Y0
O1000554,X3,Y2
O1000555,X0,Y0
O1000556,X2,Y2
O1000557,X2,Y1
O1000558,X0,Y1
O1000559,X3,Y1
O1000560,X3,Y0
O1000561,X2,Y2
O1000562,X3,Y0
O1000563,X3,Y0
O1000564,X1,Y0
O1000565,X2,Y1
O1000566,X3,Y0
O1000567,X2,Y0
O1000568,X2,Y1
O1000569,X2,Y3
O1000570,X1,Y3
O1000571,X2,Y2
O1000572,X1,Y3
O1000573,X2,Y3
O1000574,X2,Y1
O1000575,X1,Y3
O1000576,X2,Y1
O1000577,X1,Y3
O1000578,X0,Y0
O1000579,X1,Y0
O1000580,X2,Y3
O1000581,X1,Y0
O1000582,X1,Y3
O1000583,X0,Y0
O1000584,X1,Y2
O1000585,X1,Y2
O1000586,X0,Y1
O1000587,X1,Y2
O1000588,X2,Y2
O1000589,X0,Y0
O1000590,X0,Y2
O1000591,X1,Y2
O1000592,X0,Y0
O1000593,X0,Y2
O1000594,X1,Y3
O1000595,X0,Y2
O1000596,X1,Y3
O1000597,X3,Y3
O1000598,X0,Y3
O1000599,X3,Y0
O1000600,X3,Y1
O1000601,X0,Y0
O1000602,X0,Y0
O1000603,X3,Y1
O1000604,X3,Y3
O1000605,X2,Y1
O1000606,X3,Y3
O1000607,X0,Y1
O1000608,X2,Y3
O1000609,X0,Y0
O1000610,X2,Y0
O1000611,X3,Y3
O1000612,X1,Y3
O1000613,X3,Y0
O1000614,X3,Y0
O1000615,X2,Y0
O1000616,X1,Y0
O1000617,X2,Y2
O1000618,X1,Y0
O1000619,X2,Y2
O1000620,X3,Y2
O1000621,X1,Y0
O1000622,X2,Y2
O1000623,X1,Y0
O1000624,X1,Y2
O1000625,X2,Y0
O1000626,X1,Y0
O1000627,X2,Y0
O1000628,X1,Y2
O1000629,X0,Y2
O1000630,X1,Y3
O1000631,X2,Y2
O1000632,X1,Y1
O1000633,X0,Y3
O1000634,X1,Y1
O1000635,X3,Y3
O1000636,X1,Y1
O1000637,X1,Y3
O1000638,X0,Y0
O1000639,X0,Y2
O1000640,X1,Y1
O1000641,X3,Y2
O1000642,X0,Y2
O1000643,X3,Y0
O1000644,X0,Y2
O1000645,X0,Y2
O1000646,X1,Y3
O1000647,X3,Y0
O1000648,X0,Y2
O1000649,X3,Y0
O1000650,X3,Y2
O1000651,X1,Y0
O1000652,X3,Y2
O1000653,X3,Y1
O1000654,X3,Y1
O1000655,X2,Y1
O1000656,X3,Y1
O1000657,X0,Y1
O1000658,X2,Y3
O1000659,X0,Y1
O1000660,X2,Y3
O1000661,X2,Y0
O1000662,X3,Y3
O1000663,X2,Y1
O1000664,X3,Y3
O1000665,X3,Y1
O1000666,X2,Y3
O1000667,X2,Y1
O1000668,X2,Y3
O1000669,X1,Y3
O1000670,X1,Y0
O1000671,X3,Y3
O1000672,X2,Y3
O1000673,X2,Y2
O1000674,X1,Y0
O1000675,X1,Y2
O1000676,X2,Y2
O1000677,X0,Y1
O1000678,X2,Y0
O1000679,X1,Y0
O1000680,X0,Y0
O1000681,X1,Y1
O1000682,X2,Y0
O1000683,X1,Y1
O1000684,X0,Y2
O1000685,X1,Y2
O1000686,X0,Y2
O1000687,X1,Y3
O1000688,X2,Y2
O1000689,X0,Y2
O1000690,X0,Y3
O1000691,X1,Y1
O1000692,X3,Y3
O1000693,X0,Y1
O1000694,X2,Y3
O1000695,X0,Y0
O1000696,X0,Y0
O1000697,X3,Y3
O1000698,X0,Y3
O1000699,X0,Y1
O1000700,X2,Y2
O1000701,X3,Y2
O1000702,X1,Y2
O1000703,X3,Y2
O1000704,X3,Y2
O1000705,X2,Y2
O1000706,X3,Y0
O1000707,X3,Y2
O1000708,X1,Y0
O1000709,X2,Y2
O1000710,X3,Y0
O1000711,X2,Y2
O1000712,X2,Y1
O1000713,X2,Y2
O1000714,X1,Y0
O1000715,X2,Y0
O1000716,X3,Y1
O1000717,X0,Y3
O1000718,X2,Y3
O1000719,X2,Y3
O1000720,X1,Y1
O1000721,X2,Y3
O1000722,X0,Y1
O1000723,X1,Y1
O1000724,X1,Y3
O1000725,X2,Y0
O1000726,X1,Y3
O1000727,X2,Y0
O1000728,X0,Y3
O1000729,X1,Y3
O1000730,X1,Y1
O1000731,X3,Y1
O1000732,X0,Y2
O1000733,X1,Y2
O1000734,X0,Y2
O1000735,X0,Y0
O1000736,X1,Y0
O1000737,X0,Y2
O1000738,X0,Y0
O1000739,X1,Y2
O1000740,X0,Y2
O1000741,X0,Y3
O1000742,X3,Y3
O1000743,X3,Y2
O1000744,X0,Y0
O1000745,X1,Y0
O1000746,X3,Y0
O1000747,X0,Y1
O1000748,X3,Y0
O1000749,X3,Y2
O1000750,X3,Y1
O1000751,X2,Y3
O1000752,X0,Y1
O1000753,X0,Y3
O1000754,X3,Y1
O1000755,X2,Y0
O1000756,X3,Y3
O1000757,X2,Y0
O1000758,X2,Y3
O1000759,X0,Y3
O1000760,X3,Y3
O1000761,X3,Y0
O1000762,X2,Y1
O1000763,X3,Y2
O1000764,X2,Y0
O1000765,X2,Y2
O1000766,X1,Y0
O1000767,X2,Y2
O1000768,X2,Y2
O1000769,X3,Y2
O1000770,X1,Y3
O1000771,X2,Y2
O1000772,X1,Y0
O1000773,X1,Y2
O1000774,X2,Y3
O1000775,X3,Y0
O1000776,X1,Y1
O1000777,X1,Y0
O1000778,X1,Y0
O1000779,X1,Y3
O1000780,X0,Y1
O1000781,X1,Y3
O1000782,X1,Y2
O1000783,X1,Y3
O1000784,X0,Y1
O1000785,X0,Y3
O1000786,X1,Y0
O1000787,X3,Y0
O1000788,X0,Y3
O1000789,X1,Y0
O1000790,X0,Y3
O1000791,X0,Y0
O1000792,X3,Y2
O1000793,X3,Y2
O1000794,X3,Y0
O1000795,X0,Y3
O1000796,X3,Y3
O1000797,X3,Y0
O1000798,X2,Y2
O1000799,X3,Y0
O1000800,X0,Y2
O1000801,X3,Y2
O1000802,X3,Y0
O1000803,X0,Y1
O1000804,X2,Y1
O1000805,X3,Y1
O1000806,X2,Y3
O1000807,X2,Y1
O1000808,X2,Y3
O1000809,X3,Y1
O1000810,X2,Y3
O1000811,X3,Y1
O1000812,X2,Y3
O1000813,X2,Y1
O1000814,X2,Y0
O1000815,X1,Y0
O1000816,X2,Y3
O1000817,X3,Y3
O1000818,X1,Y0
O1000819,X1,Y2
O1000820,X0,Y0
O1000821,X1,Y0
O1000822,X1,Y2
O1000823,X2,Y2
O1000824,X1,Y0
O1000825,X2,Y2
O1000826,X0,Y0
O1000827,X0,Y0
O1000828,X0,Y2
O1000829,X0,Y3
O1000830,X0,Y3
O1000831,X1,Y3
O1000832,X1,Y1
O1000833,X0,Y1
O1000834,X0,Y3
O1000835,X3,Y1
O1000836,X0,Y3
O1000837,X1,Y1
O1000838,X3,Y3
O1000839,X1,Y3
O1000840,X0,Y3
O1000841,X3,Y1
O1000842,X3,Y3
O1000843,X2,Y2
O1000844,X3,Y1
O1000845,X0,Y2
O1000846,X0,Y0
O1000847,X3,Y0
O1000848,X3,Y0
O1000849,X2,Y2
O1000850,X2,Y0
O1000851,X0,Y2
O1000852,X0,Y2
O1000853,X3,Y2
O1000854,X2,Y2
O1000855,X3,Y3
O1000856,X2,Y3
O1000857,X2,Y3
O1000858,X2,Y1
O1000859,X2,Y0
O1000860,X2,Y0
O1000861,X0,Y1
O1000862,X2,Y1
O1000863,X2,Y0
O1000864,X1,Y1
O1000865,X1,Y1
O1000866,X1,Y3
O1000867,X1,Y1
O1000868,X1,Y3
O1000869,X2,Y1
O1000870,X2,Y3
O1000871,X1,Y0
O1000872,X2,Y0
O1000873,X0,Y0
O1000874,X1,Y0
O1000875,X3,Y2
O1000876,X0,Y1
O1000877,X0,Y2
O1000878,X1,Y2
O1000879,X0,Y1
O1000880,X0,Y0
O1000881,X3,Y2
O1000882,X3,Y2
O1000883,X0,Y0
O1000884,X1,Y2
O1000885,X0,Y2
O1000886,X1,Y2
O1000887,X3,Y2
O1000888,X3,Y2
O1000889,X0,Y0
O1000890,X3,Y1
O1000891,X0,Y1
O1000892,X0,Y1
O1000893,X3,Y1
O1000894,X3,Y0
O1000895,X3,Y1
O1000896,X2,Y3
O1000897,X2,Y1
O1000898,X0,Y3
O1000899,X2,Y1
O1000900,X3,Y0
O1000901,X3,Y0
O1000902,X2,Y0
O1000903,X2,Y3
O1000904,X1,Y3
O1000905,X3,Y3
O1000906,X2,Y2
O1000907,X3,Y1
O1000908,X2,Y1
O1000909,X3,Y2
O1000910,X1,Y0
O1000911,X1,Y2
O1000912,X2,Y2
O1000913,X3,Y0
O1000914,X2,Y2
O1000915,X2,Y3
O1000916,X1,Y3
O1000917,X1,Y2
O1000918,X2,Y2
O1000919,X0,Y0
O1000920,X1,Y1
O1000921,X2,Y1
O1000922,X0,Y1
O1000923,X1,Y0
O1000924,X1,Y3
O1000925,X0,Y1
O1000926,X0,Y3
O1000927,X1,Y1
O1000928,X0,Y3
O1000929,X0,Y0
O1000930,X1,Y3
O1000931,X3,Y3
O1000932,X0,Y0
O1000933,X3,Y1
O1000934,X0,Y3
O1000935,X0,Y0
O1000936,X2,Y0
O1000937,X2,Y0
O1000938,X0,Y2
O1000939,X0,Y2
O1000940,X3,Y2
O1000941,X3,Y2
O1000942,X3,Y0
O1000943,X2,Y0
O1000944,X3,Y2
O1000945,X0,Y0
O1000946,X3,Y2
O1000947,X3,Y3
O1000948,X2,Y2
O1000949,X2,Y1
O1000950,X3,Y0
O1000951,X1,Y1
O1000952,X3,Y3
O1000953,X0,Y1
O1000954,X0,Y2
O1000955,X2,Y1
O1000956,X3,Y3
O1000957,X1,Y1
O1000958,X2,Y3
O1000959,X3,Y1
O1000960,X0,Y0
O1000961,X1,Y3
O1000962,X3,Y0
O1000963,X1,Y3
O1000964,X2,Y3
O1000965,X1,Y3
O1000966,X0,Y2
O1000967,X1,Y1
O1000968,X2,Y2
O1000969,X1,Y2
O1000970,X2,Y1
O1000971,X0,Y2
O1000972,X0,Y2
O1000973,X1,Y0
O1000974,X3,Y2
O1000975,X0,Y2
O1000976,X1,Y2
O1000977,X0,Y3
O1000978,X0,Y1
O1000979,X1,Y3
O1000980,X0,Y3
O1000981,X0,Y1
O1000982,X1,Y3
O1000983,X3,Y1
O1000984,X3,Y3
O1000985,X1,Y1
O1000986,X3,Y3
O1000987,X0,Y1
O1000988,X0,Y1
O1000989,X2,Y2
O1000990,X3,Y2
O1000991,X2,Y1
O1000992,X3,Y3
O1000993,X3,Y3
O1000994,X0,Y0
O1000995,X2,Y3
O1000996,X3,Y0
O1000997,X2,Y3
O1000998,X2,Y0
O1000999,X3,Y0
O10001000,X3,Y2
O10001001,X2,Y0
O10001002,X3,Y0
O10001003,X2,Y1
O10001004,X2,Y0
O10001005,X2,Y0
O10001006,X1,Y2
O10001007,X2,Y2
O10001008,X2,Y2
O10001009,X1,Y2
O10001010,X2,Y3
O10001011,X0,Y3
O10001012,X0,Y3
O10001013,X1,Y1
O10001014,X2,Y3
O10001015,X1,Y1
O10001016,X1,Y3
O10001017,X0,Y1
O10001018,X2,Y1
O10001019,X0,Y3
O10001020,X1,Y1
O10001021,X2,Y1
O10001022,X0,Y2
O10001023,X1,Y2
O10001024,X1,Y0
O10001025,X0,Y3
O10001026,X0,Y2
O10001027,X3,Y0
O10001028,X0,Y2
O10001029,X1,Y0
O10001030,X3,Y2
O10001031,X1,Y0
O10001032,X3,Y2
O10001033,X0,Y2
O10001034,X3,Y2
O10001035,X1,Y0
O10001036,X3,Y2
O10001037,X0,Y1
O10001038,X2,Y1
O10001039,X3,Y0
O10001040,X2,Y1
O10001041,X3,Y1
O10001042,X3,Y3
O10001043,X0,Y1
O10001044,X2,Y3
O10001045,X3,Y1
O10001046,X2,Y3
O10001047,X2,Y2
O10001048,X3,Y1
O10001049,X3,Y2
O10001050,X2,Y3
O10001051,X3,Y1
O10001052,X2,Y2
O10001053,X3,Y0
O10001054,X1,Y2
O10001055,X2,Y0
O10001056,X3,Y2
O10001057,X1,Y0
O10001058,X2,Y2
O10001059,X1,Y0
O10001060,X2,Y0
O10001061,X1,Y0
O10001062,X0,Y2
O10001063,X2,Y3
O10001064,X0,Y3
O10001065,X1,Y3
O10001066,X0,Y2
O10001067,X1,Y3
O10001068,X2,Y2
O10001069,X2,Y3
O10001070,X1,Y1
O10001071,X1,Y3
O10001072,X0,Y1
O10001073,X1,Y3
O10001074,X3,Y0
O10001075,X0,Y3
O10001076,X1,Y3
O10001077,X0,Y3
O10001078,X0,Y0
O10001079,X3,Y3
O10001080,X0,Y0
O10001081,X1,Y3
O10001082,X0,Y3
O10001083,X0,Y3
O10001084,X0,Y0
O10001085,X3,Y2
O10001086,X3,Y0
O10001087,X1,Y2
O10001088,X3,Y0
O10001089,X3,Y2
O10001090,X2,Y1
O10001091,X3,Y1
O10001092,X2,Y2
O10001093,X3,Y3
O10001094,X0,Y3
O10001095,X0,Y0
O10001096,X2,Y0
O10001097,X3,Y0
O10001098,X2,Y3
O10001099,X2,Y1
O10001100,X3,Y3
O10001101,X2,Y1
O10001102,X2,Y3
O10001103,X3,Y2
O10001104,X1,Y1
O10001105,X2,Y1
O10001106,X0,Y2
O10001107,X1,Y2
O10001108,X3,Y2
O10001109,X1,Y2
O10001110,X2,Y0
O10001111,X0,Y2
O10001112,X1,Y0
O10001113,X2,Y2
O10001114,X0,Y2
O10001115,X0,Y2
O10001116,X2,Y0
O10001117,X0,Y2
O10001118,X1,Y0
O10001119,X0,Y2
O10001120,X1,Y1
O10001121,X1,Y2
O10001122,X0,Y2
O10001123,X1,Y0
O10001124,X0,Y2
O10001125,X0,Y1
O10001126,X3,Y0
O10001127,X3,Y1
O10001128,X3,Y1
O10001129,X3,Y3
O10001130,X1,Y1
O10001131,X1,Y1
O10001132,X1,Y3
O10001133,X0,Y1
O10001134,X0,Y0
O10001135,X0,Y2
O10001136,X3,Y3
O10001137,X2,Y0
O10001138,X2,Y0
O10001139,X2,Y3
O10001140,X2,Y2
O10001141,X2,Y3
O10001142,X2,Y2
O10001143,X2,Y2
O10001144,X3,Y2
O10001145,X0,Y2
O10001146,X0,Y2
O10001147,X2,Y2
O10001148,X2,Y2
O10001149,X2,Y3
O10001150,X1,Y2
O10001151,X1,Y1
O10001152,X2,Y2
O10001153,X1,Y0
O10001154,X3,Y1
O10001155,X3,Y3
O10001156,X1,Y1
O10001157,X1,Y1
O10001158,X2,Y1
O10001159,X1,Y1
O10001160,X1,Y1
O10001161,X1,Y1
O10001162,X1,Y1
O10001163,X0,Y1
O10001164,X0,Y1
O10001165,X0,Y0
O10001166,X0,Y2
O10001167,X1,Y1
O10001168,X1,Y0
O10001169,X1,Y2
O10001170,X1,Y1
O10001171,X1,Y0
O10001172,X1,Y0
O10001173,X0,Y0
O10001174,X0,Y0
O10001175,X3,Y0
O10001176,X0,Y0
O10001177,X1,Y0
O10001178,X1,Y0
O10001179,X1,Y2
O10001180,X3,Y0
O10001181,X0,Y0
O10001182,X0,Y2
O10001183,X3,Y0
O10001184,X3,Y1
O10001185,X3,Y3
O10001186,X1,Y3
O10001187,X1,Y0
O10001188,X0,Y3
O10001189,X3,Y3
O10001190,X3,Y0
O10001191,X2,Y1
O10001192,X2,Y1
O10001193,X2,Y3
O10001194,X0,Y1
O10001195,X3,Y3
O10001196,X0,Y3
O10001197,X2,Y2
O10001198,X2,Y0
O10001199,X2,Y3
O10001200,X3,Y0
O10001201,X2,Y0
O10001202,X2,Y2
O10001203,X2,Y3
O10001204,X3,Y0
O10001205,X1,Y1
O10001206,X0,Y3
O10001207,X2,Y0
O10001208,X2,Y1
O10001209,X2,Y2
O10001210,X1,Y0
O10001211,X2,Y0
O10001212,X1,Y2
O10001213,X0,Y2
O10001214,X0,Y0
O10001215,X0,Y2
O10001216,X1,Y3
O10001217,X2,Y1
O10001218,X2,Y2
O10001219,X1,Y3
O10001220,X1,Y3
O10001221,X1,Y3
O10001222,X3,Y3
O10001223,X3,Y3
O10001224,X3,Y3
O10001225,X1,Y3
O10001226,X1,Y3
O10001227,X1,Y1
O10001228,X0,Y3
O10001229,X0,Y0
O10001230,X0,Y2
O10001231,X3,Y1
O10001232,X3,Y3
O10001233,X3,Y1
O10001234,X1,Y1
O10001235,X0,Y3
O10001236,X0,Y2
O10001237,X3,Y2
O10001238,X3,Y3
O10001239,X0,Y0
O10001240,X1,Y0
O10001241,X2,Y2
O10001242,X2,Y2
O10001243,X3,Y0
O10001244,X3,Y2
O10001245,X3,Y2
O10001246,X3,Y1
O10001247,X2,Y2
O10001248,X2,Y0
O10001249,X1,Y0
O10001250,X2,Y2
O10001251,X1,Y0
O10001252,X3,Y3
O10001253,X3,Y3
O10001254,X2,Y1
O10001255,X3,Y1
O10001256,X2,Y3
O10001257,X2,Y1
O10001258,X1,Y1
O10001259,X1,Y1
O10001260,X1,Y1
O10001261,X1,Y1
O10001262,X2,Y2
O10001263,X2,Y1
O10001264,X2,Y2
O10001265,X1,Y2
O10001266,X1,Y0
O10001267,X1,Y1
O10001268,X1,Y2
O10001269,X0,Y2
O10001270,X0,Y1
O10001271,X2,Y2
O10001272,X2,Y2
O10001273,X2,Y0
O10001274,X2,Y0
O10001275,X1,Y0
O10001276,X0,Y0
O10001277,X0,Y0
O10001278,X1,Y3
O10001279,X0,Y0
O10001280,X0,Y0
O10001281,X0,Y2
O10001282,X1,Y1
O10001283,X1,Y0
O10001284,X2,Y3
O10001285,X0,Y1
O10001286,X0,Y1
O10001287,X0,Y3
O10001288,X3,Y1
O10001289,X0,Y3
O10001290,X3,Y3
O10001291,X2,Y1
O10001292,X2,Y3
O10001293,X2,Y3
O10001294,X3,Y1
O10001295,X0,Y3
O10001296,X0,Y2
O10001297,X3,Y1
O10001298,X3,Y0
O10001299,X3,Y2
O10001300,X2,Y0
O10001301,X2,Y0
O10001302,X2,Y2
O10001303,X3,Y0
O10001304,X3,Y0
O10001305,X3,Y2
O10001306,X2,Y0
O10001307,X2,Y2
O10001308,X2,Y2
O10001309,X1,Y1
O10001310,X1,Y2
O10001311,X1,Y1
O10001312,X3,Y0
O10001313,X2,Y3
O10001314,X3,Y3
O10001315,X1,Y0
O10001316,X1,Y3
O10001317,X1,Y3
O10001318,X0,Y1
O10001319,X0,Y3
O10001320,X2,Y1
O10001321,X2,Y3
O10001322,X2,Y3
O10001323,X1,Y0
O10001324,X0,Y3
O10001325,X1,Y3
O10001326,X1,Y1
O10001327,X0,Y3
O10001328,X0,Y0
O10001329,X0,Y2
O10001330,X0,Y2
O10001331,X2,Y3
O10001332,X1,Y1
O10001333,X3,Y2
O10001334,X0,Y0
O10001335,X0,Y2
O10001336,X0,Y2
O10001337,X3,Y2
O10001338,X0,Y2
O10001339,X3,Y2
O10001340,X2,Y2
O10001341,X2,Y2
O10001342,X3,Y2
O10001343,X0,Y2
O10001344,X0,Y1
O10001345,X0,Y2
O10001346,X0,Y1
O10001347,X3,Y0
O10001348,X3,Y3
O10001349,X3,Y1
O10001350,X2,Y0
O10001351,X2,Y1
O10001352,X2,Y1
O10001353,X3,Y1
O10001354,X0,Y1
O10001355,X0,Y1
O10001356,X3,Y1
O10001357,X2,Y1
O10001358,X1,Y1
O10001359,X1,Y1
O10001360,X2,Y1
O10001361,X3,Y2
O10001362,X3,Y3
O10001363,X3,Y1
O10001364,X1,Y2
O10001365,X2,Y2
O10001366,X2,Y0
O10001367,X1,Y0
O10001368,X2,Y2
O10001369,X2,Y1
O10001370,X1,Y2
O10001371,X1,Y2
O10001372,X1,Y0
O10001373,X1,Y2
O10001374,X0,Y3
O10001375,X1,Y1
O10001376,X2,Y1
O10001377,X2,Y2
O10001378,X2,Y1
O10001379,X1,Y0
O10001380,X1,Y2
O10001381,X0,Y1
O10001382,X0,Y0
O10001383,X0,Y1
O10001384,X0,Y1
O10001385,X1,Y1
O10001386,X1,Y1
O10001387,X3,Y1
O10001388,X0,Y0
O10001389,X0,Y1
O10001390,X0,Y3
O10001391,X0,Y0
O10001392,X0,Y2
O10001393,X2,Y2
O10001394,X3,Y2
O10001395,X3,Y2
O10001396,X3,Y0
O10001397,X0,Y2
O10001398,X3,Y1
O10001399,X3,Y2
O10001400,X3,Y2
O10001401,X3,Y1
O10001402,X3,Y0
O10001403,X2,Y3
O10001404,X2,Y1
O10001405,X2,Y0
O10001406,X3,Y2
O10001407,X3,Y1
O10001408,X3,Y2
O10001409,X2,Y2
O10001410,X2,Y1
O10001411,X2,Y1
O10001412,X1,Y1
O10001413,X1,Y1
O10001414,X2,Y1
O10001415,X2,Y1
O10001416,X2,Y1
O10001417,X1,Y1
O10001418,X2,Y1
O10001419,X1,Y0
O10001420,X1,Y1
O10001421,X1,Y1
O10001422,X1,Y0
O10001423,X2,Y1
O10001424,X2,Y1
O10001425,X2,Y3
O10001426,X1,Y3
O10001427,X1,Y2
O10001428,X1,Y0
O10001429,X0,Y2
O10001430,X0,Y0
O10001431,X1,Y0
O10001432,X2,Y2
O10001433,X2,Y0
O10001434,X3,Y0
O10001435,X0,Y3
O10001436,X1,Y0
O10001437,X1,Y3
O10001438,X0,Y2
O10001439,X0,Y0
O10001440,X0,Y2
O10001441,X3,Y2
O10001442,X3,Y0
O10001443,X3,Y2
O10001444,X0,Y1
O10001445,X0,Y1
O10001446,X0,Y3
O10001447,X2,Y1
O10001448,X3,Y1
O10001449,X2,Y1
O10001450,X0,Y1
O10001451,X0,Y1
O10001452,X0,Y3
O10001453,X3,Y1
O10001454,X3,Y2
O10001455,X3,Y0
O10001456,X2,Y3
O10001457,X2,Y2
O10001458,X2,Y3
O10001459,X0,Y2
O10001460,X0,Y1
O10001461,X0,Y0
O10001462,X2,Y2
O10001463,X3,Y0
O10001464,X3,Y0
O10001465,X1,Y2
O10001466,X1,Y0
O10001467,X1,Y0
O10001468,X3,Y3
O10001469,X3,Y0
O10001470,X0,Y2
O10001471,X2,Y3
O10001472,X2,Y0
O10001473,X2,Y2
O10001474,X1,Y2
O10001475,X1,Y1
O10001476,X1,Y3
O10001477,X0,Y1
O10001478,X0,Y1
O10001479,X0,Y3
O10001480,X1,Y1
O10001481,X1,Y1
O10001482,X2,Y3
O10001483,X1,Y1
O10001484,X0,Y3
O10001485,X1,Y3
O10001486,X0,Y2
O10001487,X3,Y3
O10001488,X0,Y2
O10001489,X1,Y2
O10001490,X1,Y0
O10001491,X1,Y0
O10001492,X0,Y1
O10001493,X0,Y0
O10001494,X3,Y0
O10001495,X3,Y0
O10001496,X3,Y0
O10001497,X3,Y0
O10001498,X0,Y0
O10001499,X1,Y0
O10001500,X0,Y1
O10001501,X3,Y0
O10001502,X0,Y2
O10001503,X3,Y2
O10001504,X3,Y0
O10001505,X2,Y3
O10001506,X0,Y1
O10001507,X0,Y1
O10001508,X0,Y3
O10001509,X3,Y1
O10001510,X3,Y0
O10001511,X3,Y3
O10001512,X3,Y3
O10001513,X2,Y3
O10001514,X2,Y3
O10001515,X2,Y3
O10001516,X0,Y0
O10001517,X1,Y3
O10001518,X2,Y1
O10001519,X3,Y3
O10001520,X2,Y2
O10001521,X2,Y2
O10001522,X2,Y0
O10001523,X2,Y1
O10001524,X1,Y2
O10001525,X1,Y0
O10001526,X1,Y2
O10001527,X2,Y0
O10001528,X2,Y0
O10001529,X2,Y2
O10001530,X2,Y2
O10001531,X2,Y2
O10001532,X1,Y1
O10001533,X1,Y2
O10001534,X0,Y1
O10001535,X0,Y0
O10001536,X0,Y3
O10001537,X0,Y1
O10001538,X1,Y3
O10001539,X2,Y3
O10001540,X2,Y0
O10001541,X0,Y3
O10001542,X1,Y2
O10001543,X0,Y1
O10001544,X3,Y3
O10001545,X0,Y1
O10001546,X0,Y1
O10001547,X1,Y3
O10001548,X1,Y1
O10001549,X1,Y1
O10001550,X0,Y3
O10001551,X0,Y2
O10001552,X0,Y3
O10001553,X3,Y0
O10001554,X3,Y2
O10001555,X3,Y0
O10001556,X1,Y3
O10001557,X2,Y2
O10001558,X2,Y0
O10001559,X3,Y2
O10001560,X0,Y2
O10001561,X0,Y2
O10001562,X2,Y2
O10001563,X3,Y2
O10001564,X2,Y2
O10001565,X2,Y2
O10001566,X2,Y1
O10001567,X1,Y3
O10001568,X3,Y3
O10001569,X3,Y0
O10001570,X3,Y3
O10001571,X2,Y3
O10001572,X2,Y0
O10001573,X2,Y1
O10001574,X1,Y2
O10001575,X3,Y1
O10001576,X1,Y3
O10001577,X2,Y3
O10001578,X2,Y0
O10001579,X2,Y1
O10001580,X1,Y1
O10001581,X1,Y3
O10001582,X1,Y1
O10001583,X3,Y2
O10001584,X2,Y3
O10001585,X0,Y2
O10001586,X2,Y1
O10001587,X2,Y2
O10001588,X1,Y1
O10001589,X0,Y1
O10001590,X1,Y2
O10001591,X0,Y2
O10001592,X3,Y2
O10001593,X3,Y2
O10001594,X0,Y0
O10001595,X1,Y2
O10001596,X1,Y3
O10001597,X1,Y0
O10001598,X0,Y2
O10001599,X0,Y3
O10001600,X0,Y1
O10001601,X3,Y1
O10001602,X3,Y3
O10001603,X3,Y1
O10001604,X1,Y1
O10001605,X0,Y2
O10001606,X1,Y1
O10001607,X0,Y1
O10001608,X3,Y1
O10001609,X3,Y1
O10001610,X3,Y1
O10001611,X3,Y1
O10001612,X3,Y1
O10001613,X0,Y1
O10001614,X0,Y1
O10001615,X0,Y0
O10001616,X2,Y1
O10001617,X3,Y2
O10001618,X3,Y3
O10001619,X2,Y0
O10001620,X2,Y2
O10001621,X2,Y3
O10001622,X3,Y2
O10001623,X0,Y2
O10001624,X3,Y0
O10001625,X3,Y2
O10001626,X3,Y0
O10001627,X3,Y0
O10001628,X2,Y3
O10001629,X1,Y0
O10001630,X1,Y0
O10001631,X3,Y3
O10001632,X1,Y0
O10001633,X0,Y2
O10001634,X2,Y3
O10001635,X2,Y1
O10001636,X2,Y3
O10001637,X2,Y1
O10001638,X1,Y1
O10001639,X1,Y3
O10001640,X1,Y3
O10001641,X0,Y1
O10001642,X0,Y3
O10001643,X0,Y3
O10001644,X2,Y0
O10001645,X1,Y3
O10001646,X2,Y3
O10001647,X1,Y0
O10001648,X1,Y3
O10001649,X0,Y3
O10001650,X3,Y0
O10001651,X0,Y0
O10001652,X0,Y1
O10001653,X0,Y2
O10001654,X3,Y0
O10001655,X3,Y2
O10001656,X3,Y2
O10001657,X1,Y2
O10001658,X2,Y3
O10001659,X2,Y1
O10001660,X3,Y2
O10001661,X3,Y2
O10001662,X0,Y0
O10001663,X3,Y2
O10001664,X3,Y0
O10001665,X3,Y3
O10001666,X1,Y3
O10001667,X2,Y1
O10001668,X2,Y3
O10001669,X3,Y3
O10001670,X3,Y3
O10001671,X3,Y3
O10001672,X3,Y1
O10001673,X3,Y1
O10001674,X2,Y2
O10001675,X2,Y1
O10001676,X2,Y1
O10001677,X2,Y1
O10001678,X1,Y0
O10001679,X2,Y1
O10001680,X3,Y1
O10001681,X3,Y0
O10001682,X2,Y3
O10001683,X2,Y2
O10001684,X0,Y2
O10001685,X0,Y2
O10001686,X0,Y2
O10001687,X2,Y0
O10001688,X2,Y2
O10001689,X2,Y2
O10001690,X1,Y0
O10001691,X0,Y2
O10001692,X1,Y1
O10001693,X0,Y1
O10001694,X0,Y2
O10001695,X0,Y1
O10001696,X1,Y3
O10001697,X1,Y2
O10001698,X2,Y1
O10001699,X0,Y3
O10001700,X0,Y3
O10001701,X3,Y3
O10001702,X0,Y3
O10001703,X0,Y3
O10001704,X0,Y3
O10001705,X0,Y2
O10001706,X0,Y3
O10001707,X3,Y3
O10001708,X0,Y1
O10001709,X3,Y3
O10001710,X0,Y2
O10001711,X2,Y1
O10001712,X3,Y2
O10001713,X3,Y2
O10001714,X3,Y3
O10001715,X0,Y2
O10001716,X0,Y2
O10001717,X0,Y0
O10001718,X3,Y2
O10001719,X3,Y0
O10001720,X2,Y0
O10001721,X3,Y0
O10001722,X2,Y0
O10001723,X2,Y2
O10001724,X2,Y0
O10001725,X0,Y0
O10001726,X3,Y1
O10001727,X3,Y0
O10001728,X1,Y3
O10001729,X2,Y2
O10001730,X2,Y1
O10001731,X2,Y1
O10001732,X1,Y1
O10001733,X1,Y1
O10001734,X1,Y1
O10001735,X2,Y1
O10001736,X2,Y1
O10001737,X2,Y1
O10001738,X2,Y1
O10001739,X1,Y0
O10001740,X1,Y2
O10001741,X0,Y1
O10001742,X0,Y3
O10001743,X0,Y2
O10001744,X1,Y2
O10001745,X2,Y0
O10001746,X2,Y0
O10001747,X0,Y2
O10001748,X1,Y0
O10001749,X1,Y0
O10001750,X0,Y0
O10001751,X0,Y0
O10001752,X0,Y2
O10001753,X0,Y1
O10001754,X1,Y2
O10001755,X0,Y3
O10001756,X0,Y1
O10001757,X3,Y0
O10001758,X2,Y2
O10001759,X2,Y0
O10001760,X0,Y3
O10001761,X0,Y3
O10001762,X0,Y1
O10001763,X0,Y1
O10001764,X3,Y3
O10001765,X0,Y1
O10001766,X3,Y1
O10001767,X3,Y1
O10001768,X2,Y1
O10001769,X3,Y2
O10001770,X0,Y1
O10001771,X3,Y1
O10001772,X0,Y1
O10001773,X2,Y2
O10001774,X2,Y3
O10001775,X2,Y1
O10001776,X2,Y2
O10001777,X2,Y0
O10001778,X2,Y0
O10001779,X3,Y2
O10001780,X3,Y0
O10001781,X3,Y0
O10001782,X2,Y2
O10001783,X2,Y0
O10001784,X2,Y0
O10001785,X2,Y1
O10001786,X2,Y0
O10001787,X1,Y0
O10001788,X1,Y0
O10001789,X1,Y1
O10001790,X2,Y0
O10001791,X2,Y3
O10001792,X2,Y0
O10001793,X2,Y2
O10001794,X1,Y1
O10001795,X1,Y0
O10001796,X0,Y1
O10001797,X0,Y1
O10001798,X0,Y3
O10001799,X2,Y1
O10001800,X1,Y1
O10001801,X2,Y3
O10001802,X0,Y3
O10001803,X1,Y2
O10001804,X0,Y3
O10001805,X3,Y0
O10001806,X0,Y1
O10001807,X3,Y3
O10001808,X0,Y2
O10001809,X1,Y0
O10001810,X1,Y0
O10001811,X3,Y2
O10001812,X3,Y2
O10001813,X0,Y0
O10001814,X0,Y2
O10001815,X0,Y2
O10001816,X0,Y3
O10001817,X3,Y2
O10001818,X0,Y2
O10001819,X2,Y3
O10001820,X2,Y2
O10001821,X2,Y2
O10001822,X0,Y2
O10001823,X0,Y3
O10001824,X3,Y3
O10001825,X3,Y3
O10001826,X3,Y3
O10001827,X3,Y2
O10001828,X0,Y3
O10001829,X1,Y3
O10001830,X1,Y1
O10001831,X1,Y1
O10001832,X1,Y1
O10001833,X1,Y3
O10001834,X3,Y1
O10001835,X3,Y1
O10001836,X3,Y0
O10001837,X2,Y0
O10001838,X2,Y1
O10001839,X2,Y0
O10001840,X0,Y3
O10001841,X0,Y2
O10001842,X1,Y0
O10001843,X2,Y3
O10001844,X2,Y0
O10001845,X2,Y0
O10001846,X1,Y2
O10001847,X1,Y0
O10001848,X1,Y0
O10001849,X0,Y3
O10001850,X0,Y0
O10001851,X0,Y3
O10001852,X1,Y3
O10001853,X2,Y1
O10001854,X1,Y3
O10001855,X0,Y1
O10001856,X0,Y1
O10001857,X1,Y2
O10001858,X0,Y1
O10001859,X0,Y0
O10001860,X0,Y3
O10001861,X1,Y1
O10001862,X1,Y3
O10001863,X2,Y3
O10001864,X0,Y1
O10001865,X0,Y3
O10001866,X0,Y3
O10001867,X0,Y1
O10001868,X3,Y0
O10001869,X3,Y1
O10001870,X2,Y1
O10001871,X2,Y0
O10001872,X2,Y2
O10001873,X0,Y2
O10001874,X3,Y0
O10001875,X0,Y2
O10001876,X3,Y0
O10001877,X3,Y0
O10001878,X2,Y0
O10001879,X1,Y0
O10001880,X2,Y2
O10001881,X2,Y0
O10001882,X2,Y2
O10001883,X1,Y2
O10001884,X1,Y0
O10001885,X3,Y1
O10001886,X1,Y2
O10001887,X2,Y3
O10001888,X2,Y3
O10001889,X2,Y0
O10001890,X1,Y3
O10001891,X3,Y0
O10001892,X2,Y1
O10001893,X2,Y3
O10001894,X1,Y1
O10001895,X1,Y1
O10001896,X1,Y0
O10001897,X2,Y1
O10001898,X1,Y3
O10001899,X2,Y2
O10001900,X1,Y2
O10001901,X0,Y2
O10001902,X1,Y1
O10001903,X2,Y3
O10001904,X1,Y0
O10001905,X1,Y1
O10001906,X1,Y2
O10001907,X0,Y0
O10001908,X1,Y2
O10001909,X3,Y0
O10001910,X1,Y3
O10001911,X1,Y0
O10001912,X0,Y2
O10001913,X1,Y0
O10001914,X0,Y0
O10001915,X0,Y3
O10001916,X0,Y2
O10001917,X1,Y2
O10001918,X0,Y2
O10001919,X0,Y2
O10001920,X0,Y2
O10001921,X1,Y0
O10001922,X1,Y0
O10001923,X2,Y3
O10001924,X1,Y3
O10001925,X2,Y1
O10001926,X2,Y1
O10001927,X3,Y2
O10001928,X2,Y1
O10001929,X3,Y3
O10001930,X3,Y3
O10001931,X3,Y1
O10001932,X3,Y1
O10001933,X3,Y1
O10001934,X3,Y1
O10001935,X3,Y3
O10001936,X3,Y3
O10001937,X0,Y0
O10001938,X3,Y0
O10001939,X0,Y2
O10001940,X0,Y1
O10001941,X1,Y0
O10001942,X0,Y3
O10001943,X2,Y1
O10001944,X2,Y2
O10001945,X2,Y2
O10001946,X2,Y2
O10001947,X1,Y2
O10001948,X2,Y0
O10001949,X2,Y3
O10001950,X2,Y0
O10001951,X2,Y2
O10001952,X1,Y2
O10001953,X3,Y0
O10001954,X2,Y0
O10001955,X1,Y2
O10001956,X2,Y1
O10001957,X2,Y1
O10001958,X2,Y2
O10001959,X1,Y1
O10001960,X1,Y0
O10001961,X2,Y3
O10001962,X1,Y3
O10001963,X2,Y1
O10001964,X1,Y1
O10001965,X2,Y0
O10001966,X1,Y1
O10001967,X2,Y3
O10001968,X0,Y1
O10001969,X2,Y3
O10001970,X1,Y3
O10001971,X0,Y3
O10001972,X1,Y1
O10001973,X1,Y2
O10001974,X3,Y0
O10001975,X1,Y1
O10001976,X0,Y0
O10001977,X2,Y2
O10001978,X1,Y2
O10001979,X3,Y3
O10001980,X0,Y2
O10001981,X0,Y0
O10001982,X0,Y2
O10001983,X3,Y0
O10001984,X0,Y3
O10001985,X0,Y0
O10001986,X0,Y0
O10001987,X2,Y2
O10001988,X3,Y0
O10001989,X3,Y0
O10001990,X0,Y2
O10001991,X3,Y3
O10001992,X0,Y0
O10001993,X0,Y0
O10001994,X2,Y1
O10001995,X3,Y3
O10001996,X3,Y0
O10001997,X2,Y0
O10001998,X3,Y2
O10001999,X3,Y3
O10002000,X2,Y1
O10002001,X3,Y0
O10002002,X2,Y3
O10002003,X3,Y1
O10002004,X2,Y1
O10002005,X3,Y1
O10002006,X3,Y3
O10002007,X2,Y1
O10002008,X3,Y3
O10002009,X3,Y3
O10002010,X2,Y1
O10002011,X2,Y0
O10002012,X2,Y1
O10002013,X1,Y0
O10002014,X1,Y1
O10002015,X0,Y2
O10002016,X1,Y0
O10002017,X1,Y1
O10002018,X2,Y3
O10002019,X0,Y2
O10002020,X1,Y3
O10002021,X2,Y2
O10002022,X1,Y0
O10002023,X1,Y2
O10002024,X1,Y2
O10002025,X2,Y0
O10002026,X0,Y2
O10002027,X3,Y2
O10002028,X0,Y2
O10002029,X0,Y0
O10002030,X1,Y2
O10002031,X0,Y0
O10002032,X0,Y2
O10002033,X0,Y3
O10002034,X0,Y3
O10002035,X0,Y0
O10002036,X0,Y3
O10002037,X0,Y2
O10002038,X1,Y1
O10002039,X3,Y1
O10002040,X0,Y1
O10002041,X0,Y1
O10002042,X0,Y3
O10002043,X1,Y1
O10002044,X0,Y1
O10002045,X1,Y2
O10002046,X1,Y1
O10002047,X2,Y3
O10002048,X1,Y3
O10002049,X3,Y3
O10002050,X2,Y0
O10002051,X3,Y2
O10002052,X3,Y2
O10002053,X0,Y3
O10002054,X3,Y0
O10002055,X3,Y2
O10002056,X3,Y2
O10002057,X3,Y0
O10002058,X3,Y0
O10002059,X3,Y0
O10002060,X3,Y0
O10002061,X0,Y2
O10002062,X3,Y2
O10002063,X2,Y0
O10002064,X0,Y1
O10002065,X2,Y3
O10002066,X1,Y3
O10002067,X2,Y2
O10002068,X2,Y2
O10002069,X2,Y3
O10002070,X2,Y2
O10002071,X2,Y0
O10002072,X2,Y1
O10002073,X2,Y3
O10002074,X2,Y3
O10002075,X3,Y1
O10002076,X2,Y0
O10002077,X3,Y1
O10002078,X2,Y1
O10002079,X3,Y3
O10002080,X3,Y3
O10002081,X1,Y1
O10002082,X2,Y2
O10002083,X0,Y1
O10002084,X1,Y1
O10002085,X1,Y3
O10002086,X0,Y3
O10002087,X0,Y0
O10002088,X2,Y3
O10002089,X0,Y1
O10002090,X2,Y2
O10002091,X1,Y2
O10002092,X0,Y2
O10002093,X0,Y1
O10002094,X0,Y1
O10002095,X1,Y0
O10002096,X0,Y0
O10002097,X0,Y2
O10002098,X0,Y2
O10002099,X0,Y0
O10002100,X0,Y0
O10002101,X1,Y0
O10002102,X1,Y0
O10002103,X1,Y2
O10002104,X0,Y2
O10002105,X3,Y0
O10002106,X1,Y1
O10002107,X3,Y3
O10002108,X2,Y3
O10002109,X0,Y0
O10002110,X3,Y1
O10002111,X0,Y2
O10002112,X3,Y2
O10002113,X3,Y1
O10002114,X0,Y1
O10002115,X3,Y3
O10002116,X3,Y3
O10002117,X0,Y1
O10002118,X3,Y3
O10002119,X0,Y1
O10002120,X0,Y1
O10002121,X1,Y3
O10002122,X0,Y3
O10002123,X2,Y2
O10002124,X0,Y2
O10002125,X2,Y1
O10002126,X1,Y1
O10002127,X3,Y1
O10002128,X2,Y2
O10002129,X3,Y3
O10002130,X2,Y3
O10002131,X2,Y2
O10002132,X2,Y2
O10002133,X2,Y3
O10002134,X2,Y0
O10002135,X3,Y1
O10002136,X2,Y0
O10002137,X2,Y0
O10002138,X2,Y3
O10002139,X2,Y0
O10002140,X2,Y2
O10002141,X2,Y2
O10002142,X3,Y0
O10002143,X2,Y0
O10002144,X2,Y0
O10002145,X2,Y1
O10002146,X1,Y2
O10002147,X2,Y2
O10002148,X1,Y1
O10002149,X0,Y0
O10002150,X1,Y2
O10002151,X1,Y2
O10002152,X1,Y3
O10002153,X1,Y3
O10002154,X1,Y1
O10002155,X1,Y2
O10002156,X1,Y1
O10002157,X1,Y1
O10002158,X1,Y3
O10002159,X1,Y3
O10002160,X1,Y1
O10002161,X1,Y3
O10002162,X3,Y2
O10002163,X1,Y2
O10002164,X0,Y3
O10002165,X0,Y1
O10002166,X0,Y2
O10002167,X1,Y0
O10002168,X0,Y3
O10002169,X0,Y0
O10002170,X0,Y0
O10002171,X1,Y0
O10002172,X0,Y3
O10002173,X1,Y2
O10002174,X0,Y2
O10002175,X1,Y0
O10002176,X0,Y0
O10002177,X2,Y2
O10002178,X0,Y2
O10002179,X3,Y2
O10002180,X3,Y2
O10002181,X0,Y2
O10002182,X3,Y0
O10002183,X3,Y2
O10002184,X3,Y3
O10002185,X3,Y3
O10002186,X3,Y0
O10002187,X2,Y1
O10002188,X2,Y3
O10002189,X2,Y2
O10002190,X3,Y0
O10002191,X2,Y0
O10002192,X3,Y3
O10002193,X2,Y3
O10002194,X0,Y1
O10002195,X3,Y1
O10002196,X1,Y1
O10002197,X3,Y1
O10002198,X2,Y3
O10002199,X0,Y3
O10002200,X2,Y1
O10002201,X1,Y1
O10002202,X2,Y3
O10002203,X1,Y3
O10002204,X2,Y3
O10002205,X2,Y3
O10002206,X2,Y0
O10002207,X2,Y0
O10002208,X2,Y1
O10002209,X1,Y1
O10002210,X2,Y0
O10002211,X2,Y0
O10002212,X2,Y1
O10002213,X2,Y2
O10002214,X0,Y2
O10002215,X1,Y2
O10002216,X1,Y2
O10002217,X2,Y2
O10002218,X1,Y2
O10002219,X2,Y0
O10002220,X1,Y0
O10002221,X0,Y2
O10002222,X1,Y1
O10002223,X0,Y2
O10002224,X0,Y2
O10002225,X0,Y0
O10002226,X0,Y0
O10002227,X0,Y3
O10002228,X0,Y3
O10002229,X0,Y0
O10002230,X0,Y0
O10002231,X0,Y1
O10002232,X0,Y1
O10002233,X0,Y3
O10002234,X0,Y1
O10002235,X1,Y3
O10002236,X0,Y3
O10002237,X3,Y1
O10002238,X0,Y1
O10002239,X3,Y3
O10002240,X1,Y2
O10002241,X3,Y0
O10002242,X3,Y3
O10002243,X3,Y1
O10002244,X3,Y1
O10002245,X0,Y0
O10002246,X3,Y3
O10002247,X3,Y1
O10002248,X3,Y2
O10002249,X0,Y2
O10002250,X3,Y2
O10002251,X2,Y3
O10002252,X3,Y0
O10002253,X3,Y0
O10002254,X3,Y0
O10002255,X2,Y0
O10002256,X1,Y2
O10002257,X2,Y0
O10002258,X3,Y2
O10002259,X2,Y2
O10002260,X3,Y1
O10002261,X3,Y2
O10002262,X1,Y1
O10002263,X2,Y2
O10002264,X3,Y2
O10002265,X2,Y3
O10002266,X2,Y0
O10002267,X1,Y1
O10002268,X2,Y2
O10002269,X2,Y3
O10002270,X1,Y2
O10002271,X2,Y1
O10002272,X3,Y3
O10002273,X1,Y1
O10002274,X2,Y3
O10002275,X1,Y1
O10002276,X0,Y1
O10002277,X1,Y3
O10002278,X3,Y1
O10002279,X1,Y0
O10002280,X2,Y1
O10002281,X1,Y1
O10002282,X0,Y1
O10002283,X1,Y0
O10002284,X0,Y0
O10002285,X1,Y0
O10002286,X1,Y2
O10002287,X0,Y2
O10002288,X0,Y0
O10002289,X1,Y2
O10002290,X3,Y0
O10002291,X1,Y0
O10002292,X0,Y2
O10002293,X0,Y0
O10002294,X3,Y1
O10002295,X1,Y2
O10002296,X3,Y2
O10002297,X0,Y3
O10002298,X0,Y2
O10002299,X2,Y3
O10002300,X3,Y1
O10002301,X1,Y0
O10002302,X0,Y1
O10002303,X0,Y3
O10002304,X3,Y1
O10002305,X3,Y1
O10002306,X3,Y0
O10002307,X2,Y1
O10002308,X0,Y1
O10002309,X3,Y3
O10002310,X3,Y1
O10002311,X2,Y1
O10002312,X3,Y3
O10002313,X2,Y3
O10002314,X0,Y0
O10002315,X2,Y3
O10002316,X3,Y2
O10002317,X2,Y1
O10002318,X1,Y1
O10002319,X1,Y3
O10002320,X3,Y0
O10002321,X2,Y0
O10002322,X3,Y0
O10002323,X2,Y2
O10002324,X1,Y2
O10002325,X1,Y0
O10002326,X3,Y2
O10002327,X1,Y2
O10002328,X3,Y1
O10002329,X1,Y2
O10002330,X0,Y1
O10002331,X1,Y3
O10002332,X0,Y2
O10002333,X2,Y2
O10002334,X2,Y1
O10002335,X1,Y1
O10002336,X1,Y1
O10002337,X1,Y2
O10002338,X0,Y3
O10002339,X1,Y1
O10002340,X2,Y1
O10002341,X1,Y1
O10002342,X0,Y1
O10002343,X0,Y1
O10002344,X0,Y3
O10002345,X0,Y1
O10002346,X1,Y1
O10002347,X0,Y0
O10002348,X1,Y3
O10002349,X1,Y3
O10002350,X1,Y1
O10002351,X0,Y1
O10002352,X2,Y2
O10002353,X0,Y0
O10002354,X0,Y3
O10002355,X3,Y3
O10002356,X0,Y2
O10002357,X0,Y1
O10002358,X3,Y0
O10002359,X3,Y2
O10002360,X0,Y0
O10002361,X3,Y0
O10002362,X0,Y1
O10002363,X3,Y0
O10002364,X2,Y1
O10002365,X3,Y2
O10002366,X2,Y3
O10002367,X3,Y3
O10002368,X0,Y0
O10002369,X3,Y1
O10002370,X3,Y2
O10002371,X2,Y3
O10002372,X3,Y3
O10002373,X3,Y1
O10002374,X2,Y3
O10002375,X2,Y3
O10002376,X1,Y3
O10002377,X3,Y1
O10002378,X2,Y1
O10002379,X2,Y1
O10002380,X2,Y1
O10002381,X1,Y1
O10002382,X2,Y2
O10002383,X1,Y3
O10002384,X2,Y3
O10002385,X1,Y0
O10002386,X3,Y0
O10002387,X1,Y2
O10002388,X2,Y0
O10002389,X2,Y1
O10002390,X1,Y0
O10002391,X1,Y0
O10002392,X2,Y2
O10002393,X1,Y0
O10002394,X2,Y1
O10002395,X0,Y2
O10002396,X2,Y0
O10002397,X0,Y2
O10002398,X1,Y0
O10002399,X0,Y1
O10002400,X0,Y0
O10002401,X0,Y3
O10002402,X0,Y1
O10002403,X1,Y3
O10002404,X3,Y1
O10002405,X0,Y1
O10002406,X3,Y3
O10002407,X1,Y3
O10002408,X0,Y1
O10002409,X0,Y3
O10002410,X0,Y3
O10002411,X2,Y1
O10002412,X0,Y3
O10002413,X2,Y1
O10002414,X0,Y1
O10002415,X1,Y2
O10002416,X3,Y1
O10002417,X3,Y2
O10002418,X3,Y0
O10002419,X2,Y3
O10002420,X3,Y0
O10002421,X0,Y2
O10002422,X3,Y2
O10002423,X2,Y0
O10002424,X3,Y2
O10002425,X2,Y0
O10002426,X3,Y0
O10002427,X2,Y2
O10002428,X2,Y0
O10002429,X2,Y1
O10002430,X2,Y0
O10002431,X2,Y0
O10002432,X3,Y3
O10002433,X1,Y0
O10002434,X2,Y0
O10002435,X2,Y0
O10002436,X2,Y2
O10002437,X2,Y2
O10002438,X3,Y3
O10002439,X1,Y1
O10002440,X2,Y3
O10002441,X2,Y1
O10002442,X2,Y3
O10002443,X1,Y3
O10002444,X2,Y1
O10002445,X1,Y3
O10002446,X2,Y3
O10002447,X1,Y1
O10002448,X2,Y3
O10002449,X1,Y2
O10002450,X3,Y1
O10002451,X0,Y3
O10002452,X2,Y1
O10002453,X1,Y0
O10002454,X2,Y2
O10002455,X0,Y2
O10002456,X0,Y2
O10002457,X0,Y2
O10002458,X2,Y0
O10002459,X0,Y0
O10002460,X1,Y2
O10002461,X0,Y0
O10002462,X3,Y0
O10002463,X0,Y2
O10002464,X3,Y0
O10002465,X0,Y3
O10002466,X1,Y0
O10002467,X3,Y0
O10002468,X3,Y1
O10002469,X3,Y0
O10002470,X3,Y3
O10002471,X2,Y1
O10002472,X0,Y2
O10002473,X0,Y2
O10002474,X3,Y3
O10002475,X0,Y0
O10002476,X3,Y1
O10002477,X3,Y0
O10002478,X0,Y3
O10002479,X2,Y1
O10002480,X3,Y3
O10002481,X3,Y3
O10002482,X3,Y0
O10002483,X2,Y3
O10002484,X0,Y3
O10002485,X2,Y3
O10002486,X3,Y2
O10002487,X3,Y1
O10002488,X1,Y2
O10002489,X2,Y0
O10002490,X3,Y2
O10002491,X2,Y0
O10002492,X3,Y1
O10002493,X2,Y1
O10002494,X1,Y0
O10002495,X1,Y2
O10002496,X3,Y0
O10002497,X1,Y2
O10002498,X2,Y2
O10002499,X2,Y0
O10002500,X2,Y2
O10002501,X1,Y2
O10002502,X1,Y0
O10002503,X1,Y0
O10002504,X2,Y0
O10002505,X1,Y0
O10002506,X2,Y2
O10002507,X1,Y2
O10002508,X0,Y3
O10002509,X1,Y1
O10002510,X2,Y0
O10002511,X1,Y3
O10002512,X0,Y3
O10002513,X0,Y2
O10002514,X0,Y3
O10002515,X1,Y1
O10002516,X3,Y3
O10002517,X0,Y3
O10002518,X2,Y2
O10002519,X0,Y3
O10002520,X0,Y0
O10002521,X1,Y1
O10002522,X3,Y1
O10002523,X0,Y1
O10002524,X3,Y1
O10002525,X0,Y0
O10002526,X3,Y2
O10002527,X0,Y3
O10002528,X2,Y2
O10002529,X0,Y2
O10002530,X3,Y0
O10002531,X3,Y2
O10002532,X3,Y0
O10002533,X0,Y0
O10002534,X3,Y2
O10002535,X0,Y0
O10002536,X3,Y0
O10002537,X3,Y2
O10002538,X2,Y0
O10002539,X0,Y2
O10002540,X2,Y1
O10002541,X3,Y1
O10002542,X2,Y0
O10002543,X3,Y1
O10002544,X3,Y3
O10002545,X1,Y3
O10002546,X2,Y0
O10002547,X0,Y3
O10002548,X2,Y3
O10002549,X3,Y3
O10002550,X2,Y3
O10002551,X1,Y1
O10002552,X2,Y3
O10002553,X3,Y3
O10002554,X2,Y1
O10002555,X1,Y1
O10002556,X2,Y1
O10002557,X1,Y1
O10002558,X2,Y2
O10002559,X1,Y3
O10002560,X1,Y0
O10002561,X1,Y0
O10002562,X1,Y2
O10002563,X0,Y1
O10002564,X1,Y2
O10002565,X0,Y2
O10002566,X1,Y0
O10002567,X2,Y2
O10002568,X1,Y2
O10002569,X1,Y0
O10002570,X0,Y2
O10002571,X0,Y0
O10002572,X1,Y0
O10002573,X0,Y1
O10002574,X1,Y0
O10002575,X0,Y1
O10002576,X1,Y3
O10002577,X0,Y2
O10002578,X1,Y2
O10002579,X0,Y2
O10002580,X1,Y1
O10002581,X0,Y3
O10002582,X3,Y1
O10002583,X3,Y3
O10002584,X1,Y3
O10002585,X0,Y1
O10002586,X0,Y3
O10002587,X3,Y0
O10002588,X3,Y1
O10002589,X3,Y3
O10002590,X0,Y2
O10002591,X3,Y1
O10002592,X0,Y0
O10002593,X3,Y1
O10002594,X3,Y0
O10002595,X3,Y1
O10002596,X2,Y1
O10002597,X3,Y2
O10002598,X0,Y2
O10002599,X2,Y0
O10002600,X3,Y2
O10002601,X3,Y2
O10002602,X2,Y0
O10002603,X2,Y2
O10002604,X3,Y0
O10002605,X2,Y0
O10002606,X3,Y2
O10002607,X2,Y3
O10002608,X1,Y2
O10002609,X2,Y0
O10002610,X3,Y0
O10002611,X2,Y1
O10002612,X2,Y3
O10002613,X1,Y3
O10002614,X1,Y3
O10002615,X1,Y1
O10002616,X0,Y0
O10002617,X1,Y3
O10002618,X3,Y1
O10002619,X1,Y3
O10002620,X1,Y3
O10002621,X2,Y0
O10002622,X0,Y3
O10002623,X1,Y1
O10002624,X0,Y3
O10002625,X1,Y3
O10002626,X2,Y0
O10002627,X0,Y3
O10002628,X0,Y0
O10002629,X1,Y1
O10002630,X0,Y1
O10002631,X1,Y2
O10002632,X2,Y0
O10002633,X1,Y0
O10002634,X0,Y2
O10002635,X0,Y0
O10002636,X3,Y2
O10002637,X0,Y2
O10002638,X3,Y0
O10002639,X0,Y2
O10002640,X0,Y2
O10002641,X0,Y2
O10002642,X3,Y2
O10002643,X1,Y1
O10002644,X0,Y0
O10002645,X0,Y2
O10002646,X3,Y3
O10002647,X1,Y2
O10002648,X3,Y0
O10002649,X0,Y1
O10002650,X3,Y1
O10002651,X3,Y1
O10002652,X3,Y3
O10002653,X3,Y1
O10002654,X3,Y1
O10002655,X0,Y3
O10002656,X3,Y3
O10002657,X3,Y1
O10002658,X3,Y3
O10002659,X3,Y1
O10002660,X3,Y0
O10002661,X0,Y3
O10002662,X3,Y3
O10002663,X3,Y2
O10002664,X2,Y1
O10002665,X3,Y0
O10002666,X2,Y0
O10002667,X1,Y3
O10002668,X1,Y0
O10002669,X3,Y1
O10002670,X2,Y2
O10002671,X2,Y0
O10002672,X2,Y2
O10002673,X0,Y2
O10002674,X2,Y0
O10002675,X0,Y2
O10002676,X2,Y2
O10002677,X0,Y1
O10002678,X2,Y0
O10002679,X1,Y0
O10002680,X1,Y2
O10002681,X0,Y2
O10002682,X2,Y3
O10002683,X0,Y1
O10002684,X2,Y0
O10002685,X1,Y1
O10002686,X1,Y3
O10002687,X0,Y2
O10002688,X1,Y1
O10002689,X0,Y3
O10002690,X1,Y1
O10002691,X1,Y1
O10002692,X0,Y2
O10002693,X0,Y1
O10002694,X2,Y2
O10002695,X3,Y1
O10002696,X1,Y0
O10002697,X3,Y0
O10002698,X1,Y1
O10002699,X0,Y2
O10002700,X3,Y0
O10002701,X0,Y3
O10002702,X1,Y0
O10002703,X0,Y3
O10002704,X0,Y1
O10002705,X0,Y0
O10002706,X2,Y1
O10002707,X3,Y0
O10002708,X0,Y0
O10002709,X3,Y2
O10002710,X0,Y0
O10002711,X3,Y0
O10002712,X2,Y2
O10002713,X3,Y3
O10002714,X2,Y2
O10002715,X3,Y0
O10002716,X3,Y0
O10002717,X3,Y1
O10002718,X2,Y0
O10002719,X3,Y3
O10002720,X2,Y2
O10002721,X2,Y1
O10002722,X1,Y3
O10002723,X2,Y1
O10002724,X1,Y1
O10002725,X2,Y3
O10002726,X1,Y1
O10002727,X2,Y3
O10002728,X2,Y1
O10002729,X1,Y3
O10002730,X2,Y3
O10002731,X1,Y1
O10002732,X2,Y3
O10002733,X2,Y2
O10002734,X2,Y0
O10002735,X1,Y0
O10002736,X2,Y3
O10002737,X0,Y0
O10002738,X2,Y2
O10002739,X1,Y2
O10002740,X2,Y0
O10002741,X1,Y2
O10002742,X3,Y2
O10002743,X0,Y2
O10002744,X1,Y2
O10002745,X0,Y1
O10002746,X1,Y2
O10002747,X0,Y2
O10002748,X3,Y3
O10002749,X0,Y2
O10002750,X2,Y0
O10002751,X3,Y2
O10002752,X1,Y0
O10002753,X1,Y2
O10002754,X1,Y0
O10002755,X0,Y3
O10002756,X1,Y3
O10002757,X3,Y1
O10002758,X3,Y3
O10002759,X0,Y1
O10002760,X1,Y2
O10002761,X0,Y1
O10002762,X0,Y3
O10002763,X2,Y1
O10002764,X3,Y1
O10002765,X3,Y3
O10002766,X0,Y0
O10002767,X2,Y1
O10002768,X3,Y1
O10002769,X0,Y0
O10002770,X2,Y2
O10002771,X3,Y2
O10002772,X3,Y2
O10002773,X0,Y0
O10002774,X2,Y0
O10002775,X3,Y2
O10002776,X2,Y3
O10002777,X2,Y0
O10002778,X2,Y2
O10002779,X3,Y0
O10002780,X3,Y2
O10002781,X3,Y0
O10002782,X3,Y1
O10002783,X2,Y2
O10002784,X2,Y0
O10002785,X2,Y2
O10002786,X3,Y1
O10002787,X2,Y2
O10002788,X2,Y3
O10002789,X1,Y1
O10002790,X1,Y2
O10002791,X2,Y0
O10002792,X2,Y3
O10002793,X1,Y1
O10002794,X2,Y3
O10002795,X0,Y2
O10002796,X1,Y1
O10002797,X1,Y3
O10002798,X2,Y1
O10002799,X1,Y3
O10002800,X1,Y1
O10002801,X2,Y3
O10002802,X0,Y1
O10002803,X1,Y1
O10002804,X1,Y3
O10002805,X2,Y0
O10002806,X0,Y3
O10002807,X1,Y1
O10002808,X0,Y0
O10002809,X0,Y1
O10002810,X2,Y2
O10002811,X3,Y3
O10002812,X3,Y2
O10002813,X0,Y0
O10002814,X0,Y0
O10002815,X1,Y2
O10002816,X3,Y0
O10002817,X0,Y1
O10002818,X2,Y0
O10002819,X3,Y2
O10002820,X0,Y1
O10002821,X0,Y2
O10002822,X3,Y2
O10002823,X3,Y3
O10002824,X0,Y3
O10002825,X3,Y1
O10002826,X3,Y2
O10002827,X0,Y0
O10002828,X0,Y1
O10002829,X3,Y3
O10002830,X3,Y3
O10002831,X2,Y3
O10002832,X3,Y1
O10002833,X2,Y3
O10002834,X0,Y3
O10002835,X1,Y1
O10002836,X3,Y3
O10002837,X3,Y3
O10002838,X2,Y3
O10002839,X3,Y0
O10002840,X2,Y1
O10002841,X0,Y0
O10002842,X1,Y2
O10002843,X3,Y2
O10002844,X1,Y2
O10002845,X2,Y0
O10002846,X2,Y0
O10002847,X3,Y2
O10002848,X1,Y0
O10002849,X2,Y3
O10002850,X0,Y0
O10002851,X1,Y2
O10002852,X2,Y0
O10002853,X2,Y3
O10002854,X0,Y2
O10002855,X0,Y3
O10002856,X1,Y0
O10002857,X1,Y2
O10002858,X1,Y3
O10002859,X1,Y0
O10002860,X2,Y2
O10002861,X2,Y1
O10002862,X0,Y2
O10002863,X1,Y1
O10002864,X0,Y1
O10002865,X1,Y1
O10002866,X0,Y3
O10002867,X2,Y1
O10002868,X3,Y1
O10002869,X1,Y1
O10002870,X3,Y3
O10002871,X3,Y3
O10002872,X0,Y1
O10002873,X0,Y3
O10002874,X3,Y1
O10002875,X0,Y3
O10002876,X1,Y0
O10002877,X3,Y2
O10002878,X3,Y3
O10002879,X0,Y1
O10002880,X0,Y0
O10002881,X3,Y0
O10002882,X0,Y0
O10002883,X2,Y0
O10002884,X3,Y1
O10002885,X3,Y0
O10002886,X3,Y0
O10002887,X0,Y0
O10002888,X0,Y2
O10002889,X0,Y0
O10002890,X2,Y2
O10002891,X3,Y2
O10002892,X3,Y0
O10002893,X2,Y3
O10002894,X3,Y1
O10002895,X3,Y2
O10002896,X2,Y1
O10002897,X2,Y3
O10002898,X2,Y3
O10002899,X3,Y2
O10002900,X2,Y3
O10002901,X3,Y1
O10002902,X1,Y3
O10002903,X2,Y0
O10002904,X3,Y3
O10002905,X1,Y1
O10002906,X3,Y3
O10002907,X3,Y1
O10002908,X2,Y2
O10002909,X3,Y1
O10002910,X0,Y3
O10002911,X2,Y0
O10002912,X0,Y3
O10002913,X1,Y2
O10002914,X1,Y0
O10002915,X2,Y1
O10002916,X0,Y2
O10002917,X1,Y2
O10002918,X1,Y3
O10002919,X0,Y0
O10002920,X1,Y1
O10002921,X1,Y0
O10002922,X2,Y0
O10002923,X0,Y0
O10002924,X2,Y0
O10002925,X3,Y2
O10002926,X1,Y0
O10002927,X1,Y3
O10002928,X0,Y0
O10002929,X1,Y2
O10002930,X0,Y1
O10002931,X2,Y2
O10002932,X0,Y3
O10002933,X1,Y1
O10002934,X3,Y3
O10002935,X0,Y1
O10002936,X0,Y3
O10002937,X0,Y1
O10002938,X0,Y3
O10002939,X0,Y3
O10002940,X2,Y1
O10002941,X3,Y3
O10002942,X0,Y1
O10002943,X0,Y1
O10002944,X2,Y3
O10002945,X3,Y3
O10002946,X0,Y2
O10002947,X2,Y1
O10002948,X3,Y3
O10002949,X3,Y3
O10002950,X0,Y2
O10002951,X3,Y2
O10002952,X0,Y3
O10002953,X2,Y1
O10002954,X3,Y2
O10002955,X2,Y1
O10002956,X3,Y3
O10002957,X2,Y2
O10002958,X3,Y2
O10002959,X3,Y2
O10002960,X1,Y0
O10002961,X2,Y2
O10002962,X3,Y1
O10002963,X1,Y2
O10002964,X3,Y3
O10002965,X2,Y1
O10002966,X2,Y0
O10002967,X2,Y0
O10002968,X2,Y1
O10002969,X2,Y3
O10002970,X2,Y1
O10002971,X0,Y2
O10002972,X2,Y1
O10002973,X3,Y0
O10002974,X1,Y2
O10002975,X2,Y1
O10002976,X2,Y3
O10002977,X1,Y1
O10002978,X1,Y3
O10002979,X2,Y1
O10002980,X0,Y3
O10002981,X1,Y3
O10002982,X1,Y1
O10002983,X0,Y2
O10002984,X1,Y1
O10002985,X1,Y1
O10002986,X1,Y1
O10002987,X1,Y0
O10002988,X1,Y2
O10002989,X3,Y3
O10002990,X0,Y1
O10002991,X1,Y2
O10002992,X1,Y0
O10002993,X0,Y2
O10002994,X1,Y0
O10002995,X2,Y2
O10002996,X0,Y2
O10002997,X3,Y0
O10002998,X1,Y2
O10002999,X0,Y3
O10003000,X0,Y2
O10003001,X1,Y0
O10003002,X2,Y0
O10003003,X0,Y2
O10003004,X3,Y0
O10003005,X1,Y3
O10003006,X3,Y2
O10003007,X0,Y3
O10003008,X2,Y2
O10003009,X3,Y1
O10003010,X0,Y1
O10003011,X2,Y2
O10003012,X3,Y3
O10003013,X3,Y1
O10003014,X0,Y3
O10003015,X2,Y1
O10003016,X3,Y1
O10003017,X1,Y1
O10003018,X2,Y2
O10003019,X2,Y3
O10003020,X3,Y1
O10003021,X1,Y3
O10003022,X2,Y2
O10003023,X2,Y3
O10003024,X2,Y3
O10003025,X1,Y2
O10003026,X3,Y0
O10003027,X0,Y2
O10003028,X1,Y3
O10003029,X2,Y0
O10003030,X1,Y0
O10003031,X1,Y0
O10003032,X1,Y2
O10003033,X3,Y0
O10003034,X0,Y2
O10003035,X1,Y2
O10003036,X2,Y0
O10003037,X1,Y1
O10003038,X1,Y3
O10003039,X2,Y2
O10003040,X0,Y3
O10003041,X1,Y0
O10003042,X1,Y3
O10003043,X1,Y1
O10003044,X1,Y0
O10003045,X1,Y2
O10003046,X2,Y3
O10003047,X0,Y2
O10003048,X1,Y0
O10003049,X1,Y3
O10003050,X0,Y2
O10003051,X0,Y3
O10003052,X1,Y1
O10003053,X3,Y3
O10003054,X0,Y2
O10003055,X0,Y1
O10003056,X1,Y3
O10003057,X0,Y1
O10003058,X0,Y3
O10003059,X3,Y2
O10003060,X3,Y3
O10003061,X3,Y0
O10003062,X3,Y1
O10003063,X3,Y2
O10003064,X2,Y0
O10003065,X3,Y2
O10003066,X0,Y0
O10003067,X0,Y1
O10003068,X3,Y0
O10003069,X3,Y2
O10003070,X2,Y1
O10003071,X3,Y0
O10003072,X2,Y2
O10003073,X1,Y1
O10003074,X3,Y0
O10003075,X0,Y2
O10003076,X2,Y0
O10003077,X3,Y2
O10003078,X2,Y1
O10003079,X0,Y2
O10003080,X3,Y3
O10003081,X3,Y0
O10003082,X1,Y3
O10003083,X2,Y3
O10003084,X2,Y1
O10003085,X3,Y3
O10003086,X1,Y1
O10003087,X3,Y3
O10003088,X1,Y3
O10003089,X1,Y1
O10003090,X2,Y3
O10003091,X2,Y1
O10003092,X2,Y2
O10003093,X1,Y2
O10003094,X1,Y2
O10003095,X2,Y1
O10003096,X0,Y2
O10003097,X1,Y1
O10003098,X1,Y0
O10003099,X0,Y0
O10003100,X1,Y2
O10003101,X1,Y3
O10003102,X2,Y0
O10003103,X0,Y2
O10003104,X1,Y0
O10003105,X0,Y2
O10003106,X0,Y0
O10003107,X1,Y0
O10003108,X1,Y2
O10003109,X3,Y0
O10003110,X0,Y3
O10003111,X1,Y0
O10003112,X0,Y2
O10003113,X0,Y0
O10003114,X0,Y2
O10003115,X0,Y1
O10003116,X3,Y0
O10003117,X0,Y3
O10003118,X2,Y1
O10003119,X0,Y1
O10003120,X3,Y3
O10003121,X0,Y1
O10003122,X0,Y3
O10003123,X3,Y2
O10003124,X0,Y3
O10003125,X3,Y3
O10003126,X3,Y1
O10003127,X3,Y0
O10003128,X3,Y1
O10003129,X2,Y0
O10003130,X2,Y1
O10003131,X3,Y0
O10003132,X2,Y3
O10003133,X2,Y2
O10003134,X3,Y0
O10003135,X1,Y2
O10003136,X2,Y0
O10003137,X2,Y0
O10003138,X2,Y0
O10003139,X2,Y2
O10003140,X2,Y2
O10003141,X3,Y0
O10003142,X2,Y3
O10003143,X2,Y0
O10003144,X1,Y2
O10003145,X1,Y1
O10003146,X1,Y3
O10003147,X3,Y0
O10003148,X2,Y1
O10003149,X2,Y2
O10003150,X2,Y1
O10003151,X1,Y3
O10003152,X2,Y0
O10003153,X2,Y1
O10003154,X3,Y3
O10003155,X1,Y1
O10003156,X2,Y3
O10003157,X0,Y1
O10003158,X1,Y3
O10003159,X1,Y0
O10003160,X1,Y1
O10003161,X0,Y1
O10003162,X1,Y3
O10003163,X3,Y3
O10003164,X0,Y3
O10003165,X1,Y1
O10003166,X1,Y0
O10003167,X3,Y2
O10003168,X0,Y1
O10003169,X1,Y3
O10003170,X3,Y0
O10003171,X0,Y0
O10003172,X1,Y1
O10003173,X1,Y0
O10003174,X0,Y0
O10003175,X0,Y0
O10003176,X3,Y2
O10003177,X0,Y0
O10003178,X0,Y3
O10003179,X3,Y0
O10003180,X3,Y0
O10003181,X0,Y3
O10003182,X0,Y1
O10003183,X3,Y3
O10003184,X0,Y1
O10003185,X2,Y0
O10003186,X3,Y2
O10003187,X3,Y1
O10003188,X2,Y1
O10003189,X3,Y3
O10003190,X0,Y0
O10003191,X1,Y1
O10003192,X2,Y3
O10003193,X3,Y1
O10003194,X2,Y3
O10003195,X2,Y1
O10003196,X3,Y3
O10003197,X3,Y0
O10003198,X1,Y1
O10003199,X2,Y3
O10003200,X1,Y0
O10003201,X2,Y3
O10003202,X2,Y3
O10003203,X2,Y1
O10003204,X1,Y3
O10003205,X2,Y2
O10003206,X1,Y3
O10003207,X1,Y2
O10003208,X2,Y0
O10003209,X2,Y0
O10003210,X3,Y2
O10003211,X1,Y0
O10003212,X2,Y2
O10003213,X1,Y0
O10003214,X1,Y2
O10003215,X1,Y0
O10003216,X2,Y2
O10003217,X0,Y1
O10003218,X1,Y0
O10003219,X1,Y0
O10003220,X1,Y1
O10003221,X0,Y2
O10003222,X1,Y1
O10003223,X0,Y3
O10003224,X0,Y3
O10003225,X2,Y0
O10003226,X3,Y2
O10003227,X1,Y1
O10003228,X0,Y3
O10003229,X1,Y0
O10003230,X0,Y1
O10003231,X0,Y3
O10003232,X3,Y3
O10003233,X3,Y3
O10003234,X0,Y1
O10003235,X1,Y1
O10003236,X2,Y0
O10003237,X3,Y1
O10003238,X0,Y3
O10003239,X3,Y2
O10003240,X0,Y1
O10003241,X3,Y3
O10003242,X3,Y2
O10003243,X3,Y2
O10003244,X0,Y1
O10003245,X2,Y3
O10003246,X0,Y0
O10003247,X0,Y2
O10003248,X3,Y2
O10003249,X3,Y0
O10003250,X3,Y2
O10003251,X0,Y0
O10003252,X3,Y2
O10003253,X0,Y3
O10003254,X1,Y1
O10003255,X2,Y2
O10003256,X3,Y1
O10003257,X3,Y3
O10003258,X3,Y3
O10003259,X2,Y1
O10003260,X1,Y2
O10003261,X1,Y1
O10003262,X2,Y3
O10003263,X2,Y1
O10003264,X0,Y3
O10003265,X2,Y1
O10003266,X3,Y3
O10003267,X1,Y3
O10003268,X1,Y1
O10003269,X2,Y3
O10003270,X1,Y1
O10003271,X1,Y3
O10003272,X2,Y1
O10003273,X0,Y3
O10003274,X1,Y2
O10003275,X2,Y2
O10003276,X1,Y3
O10003277,X1,Y1
O10003278,X0,Y1
O10003279,X0,Y3
O10003280,X1,Y0
O10003281,X1,Y2
O10003282,X0,Y0
O10003283,X0,Y0
O10003284,X2,Y0
O10003285,X0,Y2
O10003286,X1,Y2
O10003287,X1,Y0
O10003288,X0,Y1
O10003289,X1,Y2
O10003290,X1,Y2
O10003291,X3,Y2
O10003292,X0,Y0
O10003293,X3,Y0
O10003294,X0,Y3
O10003295,X3,Y0
O10003296,X0,Y3
O10003297,X3,Y3
O10003298,X3,Y2
O10003299,X3,Y1
O10003300,X3,Y1
O10003301,X0,Y3
O10003302,X3,Y3
O10003303,X0,Y1
O10003304,X3,Y3
O10003305,X3,Y2
O10003306,X2,Y3
O10003307,X3,Y3
O10003308,X3,Y2
O10003309,X3,Y3
O10003310,X2,Y1
O10003311,X2,Y0
O10003312,X0,Y0
O10003313,X2,Y2
O10003314,X3,Y0
O10003315,X3,Y1
O10003316,X3,Y0
O10003317,X2,Y2
O10003318,X2,Y0
O10003319,X2,Y2
O10003320,X2,Y0
O10003321,X2,Y0
O10003322,X3,Y2
O10003323,X1,Y0
O10003324,X2,Y3
O10003325,X2,Y2
O10003326,X2,Y0
O10003327,X0,Y1
O10003328,X2,Y0
O10003329,X3,Y2
O10003330,X1,Y1
O10003331,X2,Y2
O10003332,X2,Y1
O10003333,X2,Y3
O10003334,X1,Y3
O10003335,X2,Y1
O10003336,X0,Y3
O10003337,X1,Y1
O10003338,X1,Y1
O10003339,X2,Y3
O10003340,X0,Y1
O10003341,X1,Y3
O10003342,X0,Y1
O10003343,X0,Y1
O10003344,X0,Y3
O10003345,X1,Y1
O10003346,X3,Y3
O10003347,X1,Y3
O10003348,X1,Y3
O10003349,X0,Y0
O10003350,X0,Y1
O10003351,X0,Y3
O10003352,X1,Y2
O10003353,X3,Y0
O10003354,X0,Y2
O10003355,X3,Y0
O10003356,X3,Y2
O10003357,X0,Y2
O10003358,X0,Y0
O10003359,X3,Y2
O10003360,X0,Y0
O10003361,X0,Y2
O10003362,X3,Y0
O10003363,X3,Y3
O10003364,X0,Y1
O10003365,X0,Y0
O10003366,X3,Y3
O10003367,X0,Y0
O10003368,X2,Y2
O10003369,X3,Y1
O10003370,X2,Y3
O10003371,X2,Y1
O10003372,X2,Y0
O10003373,X0,Y3
O10003374,X2,Y1
O10003375,X2,Y3
O10003376,X3,Y1
O10003377,X2,Y3
O10003378,X2,Y1
O10003379,X3,Y3
O10003380,X3,Y3
O10003381,X2,Y1
O10003382,X3,Y0
O10003383,X1,Y1
O10003384,X2,Y3
O10003385,X2,Y1
O10003386,X3,Y3
O10003387,X1,Y0
O10003388,X2,Y2
O10003389,X3,Y3
O10003390,X1,Y2
O10003391,X2,Y0
O10003392,X2,Y1
O10003393,X3,Y2
O10003394,X2,Y2
O10003395,X1,Y2
O10003396,X0,Y0
O10003397,X1,Y2
O10003398,X0,Y3
O10003399,X2,Y0
O10003400,X3,Y2
O10003401,X1,Y2
O10003402,X1,Y0
O10003403,X0,Y3
O10003404,X0,Y0
O10003405,X0,Y2
O10003406,X2,Y1
O10003407,X1,Y1
O10003408,X1,Y1
O10003409,X3,Y3
O10003410,X0,Y1
O10003411,X0,Y1
O10003412,X1,Y3
O10003413,X3,Y1
O10003414,X0,Y3
O10003415,X3,Y3
O10003416,X1,Y1
O10003417,X3,Y1
O10003418,X3,Y3
O10003419,X3,Y1
O10003420,X2,Y2
O10003421,X0,Y0
O10003422,X3,Y2
O10003423,X1,Y0
O10003424,X3,Y2
O10003425,X3,Y0
O10003426,X2,Y0
O10003427,X3,Y1
O10003428,X3,Y2
O10003429,X3,Y0
O10003430,X2,Y2
O10003431,X3,Y2
O10003432,X0,Y2
O10003433,X2,Y0
O10003434,X2,Y1
O10003435,X3,Y2
O10003436,X3,Y0
O10003437,X2,Y3
O10003438,X3,Y1
O10003439,X2,Y1
O10003440,X2,Y3
O10003441,X2,Y1
O10003442,X3,Y3
O10003443,X1,Y1
O10003444,X2,Y3
O10003445,X1,Y1
O10003446,X1,Y0
O10003447,X2,Y3
O10003448,X2,Y1
O10003449,X2,Y1
O10003450,X2,Y3
O10003451,X1,Y3
O10003452,X1,Y1
O10003453,X2,Y3
O10003454,X2,Y3
O10003455,X2,Y2
O10003456,X0,Y3
O10003457,X1,Y3
O10003458,X1,Y0
O10003459,X1,Y2
O10003460,X1,Y1
O10003461,X1,Y0
O10003462,X0,Y2
O10003463,X1,Y3
O10003464,X1,Y0
O10003465,X0,Y0
O10003466,X1,Y2
O10003467,X3,Y0
O10003468,X0,Y0
O10003469,X0,Y2
O10003470,X0,Y2
O10003471,X0,Y0
O10003472,X1,Y0
O10003473,X3,Y2
O10003474,X0,Y0
O10003475,X0,Y2
O10003476,X0,Y3
O10003477,X0,Y1
O10003478,X2,Y1
O10003479,X3,Y1
O10003480,X0,Y3
O10003481,X3,Y2
O10003482,X3,Y1
O10003483,X1,Y3
O10003484,X2,Y0
O10003485,X3,Y1
O10003486,X3,Y3
O10003487,X3,Y3
O10003488,X0,Y1
O10003489,X2,Y1
O10003490,X2,Y3
O10003491,X2,Y1
O10003492,X3,Y0
O10003493,X3,Y2
O10003494,X3,Y3
O10003495,X3,Y1
O10003496,X0,Y0
O10003497,X2,Y2
O10003498,X2,Y1
O10003499,X2,Y0
O10003500,X2,Y2
O10003501,X3,Y3
O10003502,X1,Y1
O10003503,X3,Y0
O10003504,X1,Y2
O10003505,X2,Y0
O10003506,X2,Y0
O10003507,X3,Y2
O10003508,X1,Y0
O10003509,X1,Y0
O10003510,X1,Y1
O10003511,X1,Y2
O10003512,X2,Y0
O10003513,X1,Y3
O10003514,X1,Y1
O10003515,X0,Y0
O10003516,X2,Y3
O10003517,X1,Y0
O10003518,X3,Y2
O10003519,X1,Y1
O10003520,X0,Y1
O10003521,X0,Y3
O10003522,X1,Y1
O10003523,X1,Y1
O10003524,X0,Y3
O10003525,X2,Y3
O10003526,X0,Y1
O10003527,X0,Y0
O10003528,X1,Y3
O10003529,X1,Y1
O10003530,X0,Y1
O10003531,X0,Y2
O10003532,X0,Y0
O10003533,X0,Y1
O10003534,X1,Y3
O10003535,X3,Y1
O10003536,X0,Y0
O10003537,X0,Y2
O10003538,X0,Y0
O10003539,X0,Y0
O10003540,X1,Y2
O10003541,X3,Y0
O10003542,X3,Y0
O10003543,X0,Y2
O10003544,X3,Y2
O10003545,X0,Y0
O10003546,X2,Y2
O10003547,X3,Y1
O10003548,X2,Y1
O10003549,X3,Y0
O10003550,X0,Y2
O10003551,X0,Y3
O10003552,X3,Y1
O10003553,X2,Y0
O10003554,X2,Y3
O10003555,X3,Y0
O10003556,X0,Y3
O10003557,X1,Y3
O10003558,X3,Y1
O10003559,X2,Y1
O10003560,X3,Y0
O10003561,X3,Y3
O10003562,X0,Y1
O10003563,X2,Y3
O10003564,X1,Y3
O10003565,X2,Y3
O10003566,X2,Y1
O10003567,X3,Y3
O10003568,X1,Y2
O10003569,X1,Y3
O10003570,X1,Y0
O10003571,X2,Y2
O10003572,X2,Y3
O10003573,X3,Y1
O10003574,X1,Y0
O10003575,X1,Y0
O10003576,X1,Y2
O10003577,X1,Y3
O10003578,X2,Y0
O10003579,X1,Y2
O10003580,X1,Y0
O10003581,X1,Y0
O10003582,X1,Y0
O10003583,X2,Y2
O10003584,X2,Y0
O10003585,X0,Y1
O10003586,X1,Y2
O10003587,X1,Y0
O10003588,X0,Y0
O10003589,X2,Y2
O10003590,X3,Y1
O10003591,X1,Y3
O10003592,X1,Y0
O10003593,X1,Y3
O10003594,X0,Y2
O10003595,X1,Y1
O10003596,X0,Y3
O10003597,X1,Y0
O10003598,X0,Y1
O10003599,X0,Y1
O10003600,X1,Y3
O10003601,X3,Y1
O10003602,X0,Y1
O10003603,X0,Y3
O10003604,X0,Y3
O10003605,X0,Y0
O10003606,X0,Y2
O10003607,X3,Y3
O10003608,X3,Y2
O10003609,X0,Y0
O10003610,X0,Y0
O10003611,X0,Y1
O10003612,X3,Y1
O10003613,X3,Y0
O10003614,X0,Y2
O10003615,X3,Y0
O10003616,X3,Y2
O10003617,X0,Y2
O10003618,X0,Y0
O10003619,X3,Y0
O10003620,X1,Y2
O10003621,X2,Y0
O10003622,X2,Y0
O10003623,X2,Y0
O10003624,X3,Y2
O10003625,X3,Y2
O10003626,X3,Y0
O10003627,X1,Y2
O10003628,X2,Y1
O10003629,X2,Y3
O10003630,X1,Y1
O10003631,X2,Y3
O10003632,X1,Y3
O10003633,X1,Y1
O10003634,X2,Y3
O10003635,X3,Y1
O10003636,X1,Y1
O10003637,X0,Y1
O10003638,X1,Y3
O10003639,X1,Y1
O10003640,X2,Y0
O10003641,X0,Y3
O10003642,X1,Y1
O10003643,X1,Y1
O10003644,X1,Y1
O10003645,X1,Y0
O10003646,X2,Y1
O10003647,X0,Y3
O10003648,X3,Y0
O10003649,X1,Y2
O10003650,X0,Y2
O10003651,X1,Y1
O10003652,X0,Y0
O10003653,X0,Y2
O10003654,X3,Y2
O10003655,X0,Y0
O10003656,X1,Y2
O10003657,X1,Y2
O10003658,X3,Y0
O10003659,X3,Y0
O10003660,X3,Y2
O10003661,X0,Y1
O10003662,X1,Y0
O10003663,X2,Y2
O10003664,X3,Y2
O10003665,X3,Y2
O10003666,X0,Y0
O10003667,X0,Y2
O10003668,X0,Y1
O10003669,X3,Y2
O10003670,X3,Y3
O10003671,X3,Y3
O10003672,X3,Y1
O10003673,X0,Y2
O10003674,X1,Y3
O10003675,X2,Y1
O10003676,X2,Y1
O10003677,X3,Y0
O10003678,X3,Y3
O10003679,X0,Y1
O10003680,X2,Y3
O10003681,X3,Y1
O10003682,X3,Y3
O10003683,X0,Y1
O10003684,X0,Y2
O10003685,X1,Y3
O10003686,X3,Y2
O10003687,X3,Y0
O10003688,X3,Y2
O10003689,X3,Y2
O10003690,X0,Y0
O10003691,X2,Y2
O10003692,X3,Y2
O10003693,X3,Y0
O10003694,X3,Y2
O10003695,X3,Y2
O10003696,X1,Y2
O10003697,X2,Y0
O10003698,X2,Y2
O10003699,X2,Y2
O10003700,X0,Y0
O10003701,X3,Y0
O10003702,X0,Y1
O10003703,X1,Y3
O10003704,X2,Y0
O10003705,X2,Y3
O10003706,X2,Y3
O10003707,X0,Y1
O10003708,X0,Y2
O10003709,X1,Y3
O10003710,X2,Y1
O10003711,X0,Y1
O10003712,X2,Y1
O10003713,X0,Y3
O10003714,X0,Y1
O10003715,X1,Y2
O10003716,X1,Y3
O10003717,X1,Y3
O10003718,X0,Y1
O10003719,X0,Y3
O10003720,X0,Y1
O10003721,X1,Y0
O10003722,X1,Y0
O10003723,X1,Y2
O10003724,X3,Y3
O10003725,X0,Y1
O10003726,X0,Y0
O10003727,X3,Y0
O10003728,X0,Y1
O10003729,X2,Y2
O10003730,X3,Y0
O10003731,X0,Y2
O10003732,X0,Y1
O10003733,X0,Y2
O10003734,X0,Y0
O10003735,X3,Y2
O10003736,X3,Y2
O10003737,X3,Y1
O10003738,X3,Y1
O10003739,X0,Y2
O10003740,X2,Y1
O10003741,X3,Y3
O10003742,X3,Y1
O10003743,X3,Y3
O10003744,X3,Y2
O10003745,X0,Y1
O10003746,X2,Y3
O10003747,X2,Y1
O10003748,X3,Y3
O10003749,X3,Y3
O10003750,X3,Y3
O10003751,X1,Y1
O10003752,X2,Y3
O10003753,X2,Y2
O10003754,X3,Y1
O10003755,X1,Y3
O10003756,X1,Y3
O10003757,X1,Y3
O10003758,X2,Y2
O10003759,X2,Y3
O10003760,X3,Y2
O10003761,X1,Y0
O10003762,X1,Y0
O10003763,X1,Y0
O10003764,X2,Y2
O10003765,X2,Y2
O10003766,X1,Y0
O10003767,X1,Y2
O10003768,X0,Y2
O10003769,X1,Y0
O10003770,X2,Y0
O10003771,X2,Y2
O10003772,X0,Y0
O10003773,X1,Y3
O10003774,X0,Y2
O10003775,X0,Y2
O10003776,X2,Y0
O10003777,X0,Y0
O10003778,X0,Y2
O10003779,X0,Y2
O10003780,X1,Y1
O10003781,X0,Y3
O10003782,X1,Y0
O10003783,X0,Y1
O10003784,X3,Y1
O10003785,X0,Y3
O10003786,X0,Y2
O10003787,X1,Y1
O10003788,X3,Y3
O10003789,X1,Y3
O10003790,X3,Y1
O10003791,X0,Y1
O10003792,X0,Y3
O10003793,X1,Y1
O10003794,X3,Y3
O10003795,X3,Y0
O10003796,X3,Y1
O10003797,X3,Y0
O10003798,X0,Y2
O10003799,X2,Y3
O10003800,X0,Y0
O10003801,X2,Y2
O10003802,X3,Y3
O10003803,X3,Y2
O10003804,X0,Y2
O10003805,X3,Y2
O10003806,X2,Y0
O10003807,X2,Y2
O10003808,X3,Y2
O10003809,X0,Y0
O10003810,X2,Y2
O10003811,X0,Y2
O10003812,X1,Y3
O10003813,X2,Y0
O10003814,X2,Y0
O10003815,X2,Y3
O10003816,X3,Y1
O10003817,X3,Y0
O10003818,X3,Y3
O10003819,X1,Y0
O10003820,X2,Y2
O10003821,X1,Y2
O10003822,X2,Y1
O10003823,X2,Y3
O10003824,X2,Y3
O10003825,X2,Y1
O10003826,X1,Y1
O10003827,X1,Y1
O10003828,X1,Y3
O10003829,X1,Y1
O10003830,X1,Y2
O10003831,X2,Y3
O10003832,X2,Y3
O10003833,X1,Y3
O10003834,X1,Y3
O10003835,X1,Y2
O10003836,X0,Y3
O10003837,X2,Y3
O10003838,X0,Y0
O10003839,X1,Y0
O10003840,X1,Y1
O10003841,X0,Y2
O10003842,X1,Y0
O10003843,X3,Y2
O10003844,X2,Y2
O10003845,X3,Y3
O10003846,X1,Y0
O10003847,X1,Y2
O10003848,X0,Y2
O10003849,X0,Y0
O10003850,X3,Y2
O10003851,X1,Y2
O10003852,X3,Y2
O10003853,X0,Y3
O10003854,X3,Y2
O10003855,X0,Y0
O10003856,X0,Y3
O10003857,X0,Y3
O10003858,X1,Y1
O10003859,X2,Y2
O10003860,X2,Y3
O10003861,X3,Y3
O10003862,X3,Y1
O10003863,X3,Y1
O10003864,X3,Y1
O10003865,X0,Y3
O10003866,X2,Y1
O10003867,X2,Y1
O10003868,X3,Y2
O10003869,X3,Y3
O10003870,X2,Y3
O10003871,X3,Y1
O10003872,X3,Y0
O10003873,X3,Y0
O10003874,X2,Y1
O10003875,X2,Y2
O10003876,X2,Y1
O10003877,X2,Y1
O10003878,X3,Y0
O10003879,X3,Y2
O10003880,X2,Y0
O10003881,X1,Y0
O10003882,X2,Y1
O10003883,X1,Y2
O10003884,X2,Y2
O10003885,X2,Y0
O10003886,X3,Y3
O10003887,X2,Y3
O10003888,X0,Y2
O10003889,X1,Y0
O10003890,X2,Y1
O10003891,X1,Y1
O10003892,X1,Y2
O10003893,X2,Y0
O10003894,X2,Y1
O10003895,X0,Y3
O10003896,X0,Y0
O10003897,X0,Y1
O10003898,X1,Y1
O10003899,X1,Y3
O10003900,X2,Y2
O10003901,X1,Y3
O10003902,X3,Y1
O10003903,X0,Y3
O10003904,X3,Y3
O10003905,X1,Y0
O10003906,X0,Y1
O10003907,X1,Y1
O10003908,X1,Y3
O10003909,X2,Y1
O10003910,X1,Y2
O10003911,X3,Y0
O10003912,X0,Y3
O10003913,X0,Y2
O10003914,X0,Y3
O10003915,X1,Y1
O10003916,X1,Y0
O10003917,X1,Y0
O10003918,X3,Y2
O10003919,X3,Y3
O10003920,X3,Y0
O10003921,X3,Y0
O10003922,X0,Y2
O10003923,X0,Y2
O10003924,X0,Y0
O10003925,X2,Y0
O10003926,X0,Y0
O10003927,X2,Y2
O10003928,X3,Y3
O10003929,X3,Y3
O10003930,X3,Y0
O10003931,X0,Y2
O10003932,X2,Y1
O10003933,X3,Y3
O10003934,X3,Y0
O10003935,X2,Y1
O10003936,X3,Y3
O10003937,X3,Y1
O10003938,X0,Y3
O10003939,X2,Y0
O10003940,X2,Y1
O10003941,X2,Y1
O10003942,X3,Y3
O10003943,X3,Y1
O10003944,X3,Y1
O10003945,X3,Y3
O10003946,X2,Y3
O10003947,X1,Y3
O10003948,X1,Y0
O10003949,X2,Y1
O10003950,X2,Y1
O10003951,X2,Y3
O10003952,X2,Y2
O10003953,X2,Y2
O10003954,X0,Y0
O10003955,X1,Y0
O10003956,X1,Y2
O10003957,X2,Y2
O10003958,X2,Y1
O10003959,X3,Y0
O10003960,X2,Y0
O10003961,X0,Y2
O10003962,X1,Y0
O10003963,X0,Y3
O10003964,X1,Y0
O10003965,X1,Y2
O10003966,X1,Y2
O10003967,X1,Y0
O10003968,X0,Y2
O10003969,X0,Y1
O10003970,X0,Y1
O10003971,X0,Y3
O10003972,X1,Y0
O10003973,X0,Y1
O10003974,X1,Y3
O10003975,X3,Y1
O10003976,X1,Y1
O10003977,X3,Y2
O10003978,X0,Y3
O10003979,X3,Y3
O10003980,X3,Y1
O10003981,X1,Y3
O10003982,X0,Y0
O10003983,X1,Y3
O10003984,X3,Y1
O10003985,X2,Y1
O10003986,X3,Y2
O10003987,X3,Y3
O10003988,X0,Y2
O10003989,X3,Y1
O10003990,X0,Y3
O10003991,X3,Y2
O10003992,X3,Y0
O10003993,X2,Y2
O10003994,X3,Y0
O10003995,X3,Y3
O10003996,X3,Y0
O10003997,X0,Y2
O10003998,X2,Y0
O10003999,X1,Y0
O10004000,X2,Y2
O10004001,X2,Y2
O10004002,X3,Y2
O10004003,X2,Y0
O10004004,X3,Y2
O10004005,X3,Y3
O10004006,X1,Y0
O10004007,X3,Y0
O10004008,X0,Y2
O10004009,X3,Y2
O10004010,X1,Y0
O10004011,X2,Y2
O10004012,X1,Y2
O10004013,X1,Y1
O10004014,X2,Y3
O10004015,X1,Y0
O10004016,X3,Y3
O10004017,X1,Y1
O10004018,X1,Y3
O10004019,X0,Y3
O10004020,X2,Y2
O10004021,X1,Y1
O10004022,X1,Y1
O10004023,X2,Y1
O10004024,X0,Y3
O10004025,X2,Y0
O10004026,X0,Y1
O10004027,X1,Y3
O10004028,X1,Y2
O10004029,X0,Y1
O10004030,X1,Y3
O10004031,X3,Y0
O10004032,X2,Y0
O10004033,X0,Y0
O10004034,X1,Y2
O10004035,X0,Y2
O10004036,X0,Y0
O10004037,X1,Y2
O10004038,X1,Y2
O10004039,X1,Y3
O10004040,X3,Y0
O10004041,X0,Y2
O10004042,X3,Y3
O10004043,X0,Y0
O10004044,X0,Y2
O10004045,X0,Y2
O10004046,X0,Y1
O10004047,X3,Y3
O10004048,X3,Y3
O10004049,X3,Y0
O10004050,X0,Y3
O10004051,X0,Y3
O10004052,X3,Y1
O10004053,X0,Y1
O10004054,X0,Y1
O10004055,X2,Y3
O10004056,X2,Y1
O10004057,X3,Y1
O10004058,X3,Y3
O10004059,X3,Y3
O10004060,X0,Y1
O10004061,X2,Y1
O10004062,X2,Y2
O10004063,X2,Y0
O10004064,X3,Y1
O10004065,X2,Y2
O10004066,X3,Y3
O10004067,X0,Y2
O10004068,X3,Y2
O10004069,X1,Y2
O10004070,X2,Y1
O10004071,X2,Y0
O10004072,X2,Y0
O10004073,X2,Y2
O10004074,X3,Y0
O10004075,X3,Y0
O10004076,X0,Y0
O10004077,X1,Y2
O10004078,X1,Y2
O10004079,X1,Y0
O10004080,X1,Y3
O10004081,X2,Y1
O10004082,X2,Y1
O10004083,X0,Y3
O10004084,X1,Y1
O10004085,X1,Y1
O10004086,X1,Y2
O10004087,X1,Y1
O10004088,X1,Y1
O10004089,X2,Y3
O10004090,X1,Y1
O10004091,X1,Y3
O10004092,X2,Y2
O10004093,X1,Y3
O10004094,X0,Y1
O10004095,X0,Y3
O10004096,X3,Y3
O10004097,X0,Y2
O10004098,X0,Y1
O10004099,X0,Y3
O10004100,X0,Y2
O10004101,X1,Y3
O10004102,X3,Y1
O10004103,X1,Y2
O10004104,X3,Y0
O10004105,X0,Y1
O10004106,X3,Y1
O10004107,X0,Y0
O10004108,X1,Y0
O10004109,X0,Y0
O10004110,X1,Y2
O10004111,X2,Y2
O10004112,X3,Y2
O10004113,X3,Y0
O10004114,X3,Y2
O10004115,X0,Y2
O10004116,X3,Y2
O10004117,X0,Y0
O10004118,X3,Y2
O10004119,X2,Y3
O10004120,X3,Y1
O10004121,X2,Y3
O10004122,X2,Y3
O10004123,X3,Y3
O10004124,X3,Y2
O10004125,X3,Y3
O10004126,X1,Y1
O10004127,X2,Y3
O10004128,X2,Y3
O10004129,X2,Y1
O10004130,X2,Y1
O10004131,X2,Y1
O10004132,X3,Y3
O10004133,X1,Y1
O10004134,X2,Y0
O10004135,X2,Y3
O10004136,X2,Y3
O10004137,X2,Y1
O10004138,X3,Y2
O10004139,X1,Y0
O10004140,X0,Y3
O10004141,X1,Y1
O10004142,X2,Y0
O10004143,X1,Y3
O10004144,X2,Y2
O10004145,X2,Y2
O10004146,X0,Y0
O10004147,X0,Y0
O10004148,X1,Y3
O10004149,X1,Y2
O10004150,X1,Y2
O10004151,X0,Y2
O10004152,X1,Y0
O10004153,X1,Y2
O10004154,X1,Y2
O10004155,X2,Y3
O10004156,X0,Y0
O10004157,X0,Y2
O10004158,X0,Y2
O10004159,X1,Y0
O10004160,X1,Y2
O10004161,X1,Y2
O10004162,X1,Y3
O10004163,X3,Y3
O10004164,X3,Y3
O10004165,X0,Y0
O10004166,X0,Y3
O10004167,X1,Y1
O10004168,X0,Y1
O10004169,X1,Y1
O10004170,X3,Y3
O10004171,X2,Y3
O10004172,X3,Y1
O10004173,X0,Y0
O10004174,X0,Y1
O10004175,X3,Y3
O10004176,X0,Y1
O10004177,X0,Y0
O10004178,X2,Y1
O10004179,X0,Y2
O10004180,X3,Y0
O10004181,X2,Y0
O10004182,X3,Y2
O10004183,X2,Y2
O10004184,X3,Y0
O10004185,X3,Y3
O10004186,X3,Y0
O10004187,X2,Y0
O10004188,X3,Y2
O10004189,X3,Y2
O10004190,X3,Y0
O10004191,X3,Y1
O10004192,X3,Y0
O10004193,X3,Y0
O10004194,X1,Y1
O10004195,X3,Y0
O10004196,X1,Y3
O10004197,X0,Y2
O10004198,X2,Y1
O10004199,X1,Y1
O10004200,X1,Y2
O10004201,X1,Y3
O10004202,X2,Y1
O10004203,X1,Y0
O10004204,X2,Y1
O10004205,X1,Y1
O10004206,X2,Y3
O10004207,X2,Y3
O10004208,X2,Y3
O10004209,X2,Y3
O10004210,X2,Y1
O10004211,X2,Y1
O10004212,X1,Y1
O10004213,X1,Y2
O10004214,X1,Y1
O10004215,X0,Y1
O10004216,X1,Y1
O10004217,X1,Y1
O10004218,X1,Y0
O10004219,X0,Y3
O10004220,X2,Y2
O10004221,X1,Y2
O10004222,X2,Y3
O10004223,X1,Y3
O10004224,X3,Y0
O10004225,X2,Y0
O10004226,X3,Y2
O10004227,X3,Y2
O10004228,X0,Y0
O10004229,X3,Y1
O10004230,X0,Y0
O10004231,X0,Y0
O10004232,X3,Y2
O10004233,X0,Y2
O10004234,X0,Y2
O10004235,X3,Y2
O10004236,X0,Y0
O10004237,X3,Y0
O10004238,X1,Y2
O10004239,X0,Y2
O10004240,X2,Y1
O10004241,X0,Y0
O10004242,X2,Y1
O10004243,X2,Y1
O10004244,X3,Y3
O10004245,X2,Y3
O10004246,X3,Y3
O10004247,X3,Y3
O10004248,X2,Y1
O10004249,X3,Y1
O10004250,X3,Y3
O10004251,X2,Y1
O10004252,X3,Y0
O10004253,X2,Y3
O10004254,X3,Y1
O10004255,X3,Y1
O10004256,X3,Y3
O10004257,X3,Y0
O10004258,X1,Y2
O10004259,X0,Y1
O10004260,X1,Y2
O10004261,X1,Y2
O10004262,X2,Y1
O10004263,X1,Y1
O10004264,X2,Y0
O10004265,X2,Y0
O10004266,X2,Y2
O10004267,X1,Y2
O10004268,X2,Y0
O10004269,X2,Y2
O10004270,X2,Y0
O10004271,X2,Y0
O10004272,X2,Y2
O10004273,X2,Y2
O10004274,X0,Y1
O10004275,X2,Y1
O10004276,X1,Y2
O10004277,X0,Y3
O10004278,X0,Y3
O10004279,X0,Y1
O10004280,X1,Y2
O10004281,X0,Y3
O10004282,X1,Y1
O10004283,X0,Y1
O10004284,X0,Y3
O10004285,X1,Y3
O10004286,X1,Y3
O10004287,X1,Y0
O10004288,X1,Y1
O10004289,X1,Y1
O10004290,X1,Y3
O10004291,X1,Y0
O10004292,X3,Y1
O10004293,X1,Y2
O10004294,X0,Y3
O10004295,X3,Y0
O10004296,X3,Y2
O10004297,X3,Y1
O10004298,X0,Y3
O10004299,X3,Y0
O10004300,X0,Y2
O10004301,X3,Y2
O10004302,X0,Y0
O10004303,X0,Y0
O10004304,X0,Y0
O10004305,X0,Y0
O10004306,X1,Y2
O10004307,X0,Y2
O10004308,X2,Y0
O10004309,X0,Y0
O10004310,X2,Y3
O10004311,X2,Y3
O10004312,X2,Y2
O10004313,X2,Y2
O10004314,X2,Y3
O10004315,X2,Y2
O10004316,X3,Y1
O10004317,X2,Y1
O10004318,X2,Y3
O10004319,X2,Y3
O10004320,X3,Y0
O10004321,X3,Y1
O10004322,X2,Y0
O10004323,X2,Y1
O10004324,X2,Y1
O10004325,X3,Y3
O10004326,X3,Y3
O10004327,X3,Y2
O10004328,X2,Y2
O10004329,X1,Y1
O10004330,X3,Y1
O10004331,X1,Y1
O10004332,X0,Y1
O10004333,X2,Y3
O10004334,X1,Y3
O10004335,X2,Y1
O10004336,X1,Y2
O10004337,X1,Y3
O10004338,X2,Y0
O10004339,X1,Y1
O10004340,X1,Y1
O10004341,X2,Y2
O10004342,X1,Y2
O10004343,X2,Y0
O10004344,X2,Y0
O10004345,X0,Y0
O10004346,X1,Y0
O10004347,X0,Y0
O10004348,X2,Y0
O10004349,X1,Y1
O10004350,X2,Y2
O10004351,X1,Y2
O10004352,X3,Y1
O10004353,X2,Y0
O10004354,X0,Y3
O10004355,X3,Y2
O10004356,X3,Y1
O10004357,X3,Y3
O10004358,X0,Y3
O10004359,X0,Y0
O10004360,X0,Y1
O10004361,X0,Y3
O10004362,X0,Y3
O10004363,X1,Y1
O10004364,X0,Y1
O10004365,X3,Y1
O10004366,X1,Y2
O10004367,X3,Y3
O10004368,X0,Y3
O10004369,X3,Y1
O10004370,X3,Y2
O10004371,X3,Y0
O10004372,X3,Y3
O10004373,X3,Y1
O10004374,X3,Y0
O10004375,X3,Y0
O10004376,X3,Y3
O10004377,X3,Y2
O10004378,X3,Y2
O10004379,X0,Y0
O10004380,X3,Y0
O10004381,X0,Y2
O10004382,X3,Y2
O10004383,X1,Y2
O10004384,X3,Y2
O10004385,X2,Y0
O10004386,X1,Y0
O10004387,X2,Y2
O10004388,X2,Y2
O10004389,X2,Y0
O10004390,X2,Y0
O10004391,X2,Y0
O10004392,X2,Y3
O10004393,X2,Y1
O10004394,X1,Y0
O10004395,X2,Y2
O10004396,X2,Y3
O10004397,X3,Y1
O10004398,X2,Y1
O10004399,X0,Y3
O10004400,X2,Y3
O10004401,X0,Y3
O10004402,X2,Y3
O10004403,X0,Y1
O10004404,X0,Y1
O10004405,X1,Y3
O10004406,X1,Y3
O10004407,X2,Y1
O10004408,X0,Y2
O10004409,X1,Y3
O10004410,X1,Y1
O10004411,X2,Y0
O10004412,X1,Y0
O10004413,X1,Y1
O10004414,X3,Y3
O10004415,X2,Y0
O10004416,X3,Y1
O10004417,X3,Y1
O10004418,X0,Y0
O10004419,X3,Y0
O10004420,X0,Y2
O10004421,X3,Y2
O10004422,X0,Y2
O10004423,X3,Y2
O10004424,X0,Y0
O10004425,X0,Y0
O10004426,X0,Y3
O10004427,X3,Y3
O10004428,X1,Y1
O10004429,X0,Y1
O10004430,X1,Y0
O10004431,X0,Y2
O10004432,X2,Y0
O10004433,X1,Y1
O10004434,X2,Y3
O10004435,X2,Y2
O10004436,X3,Y1
O10004437,X2,Y1
O10004438,X3,Y3
O10004439,X3,Y3
O10004440,X3,Y3
O10004441,X3,Y3
O10004442,X3,Y1
O10004443,X3,Y1
O10004444,X3,Y2
O10004445,X3,Y2
O10004446,X3,Y3
O10004447,X3,Y3
O10004448,X0,Y2
O10004449,X3,Y1
O10004450,X1,Y0
O10004451,X3,Y0
O10004452,X1,Y1
O10004453,X1,Y0
O10004454,X2,Y3
O10004455,X1,Y3
O10004456,X2,Y2
O10004457,X2,Y2
O10004458,X2,Y0
O10004459,X2,Y0
O10004460,X2,Y2
O10004461,X1,Y2
O10004462,X2,Y2
O10004463,X1,Y2
O10004464,X2,Y0
O10004465,X2,Y0
O10004466,X0,Y3
O10004467,X2,Y3
O10004468,X0,Y0
O10004469,X0,Y1
O10004470,X1,Y2
O10004471,X1,Y0
O10004472,X0,Y1
O10004473,X1,Y3
O10004474,X1,Y2
O10004475,X1,Y2
O10004476,X1,Y1
O10004477,X1,Y3
O10004478,X1,Y3
O10004479,X1,Y2
O10004480,X1,Y3
O10004481,X0,Y3
O10004482,X1,Y1
O10004483,X0,Y3
O10004484,X3,Y0
O10004485,X1,Y3
O10004486,X0,Y2
O10004487,X3,Y2
O10004488,X3,Y0
O10004489,X3,Y3
O10004490,X0,Y2
O10004491,X0,Y0
O10004492,X3,Y0
O10004493,X0,Y2
O10004494,X0,Y2
O10004495,X0,Y2
O10004496,X0,Y3
O10004497,X2,Y0
O10004498,X0,Y0
O10004499,X3,Y2
O10004500,X2,Y2
O10004501,X0,Y2
O10004502,X2,Y1
O10004503,X3,Y0
O10004504,X2,Y0
O10004505,X2,Y2
O10004506,X3,Y0
O10004507,X3,Y3
O10004508,X3,Y3
O10004509,X3,Y0
O10004510,X3,Y1
O10004511,X0,Y2
O10004512,X3,Y3
O10004513,X3,Y1
O10004514,X3,Y0
O10004515,X2,Y1
O10004516,X3,Y1
O10004517,X1,Y3
O10004518,X1,Y3
O10004519,X2,Y3
O10004520,X2,Y1
O10004521,X2,Y1
O10004522,X2,Y3
O10004523,X1,Y3
O10004524,X3,Y0
O10004525,X2,Y3
O10004526,X3,Y1
O10004527,X2,Y1
O10004528,X0,Y3
O10004529,X3,Y3
O10004530,X0,Y1
O10004531,X0,Y2
O10004532,X1,Y2
O10004533,X1,Y2
O10004534,X1,Y2
O10004535,X1,Y0
O10004536,X1,Y0
O10004537,X2,Y2
O10004538,X1,Y2
O10004539,X1,Y0
O10004540,X1,Y0
O10004541,X0,Y0
O10004542,X2,Y0
O10004543,X3,Y2
O10004544,X3,Y2
O10004545,X0,Y1
O10004546,X3,Y1
O10004547,X0,Y2
O10004548,X3,Y3
O10004549,X0,Y1
O10004550,X0,Y1
O10004551,X0,Y2
O10004552,X0,Y3
O10004553,X1,Y0
O10004554,X0,Y1
O10004555,X0,Y3
O10004556,X0,Y3
O10004557,X1,Y1
O10004558,X0,Y0
O10004559,X3,Y1
O10004560,X0,Y1
O10004561,X3,Y3
O10004562,X3,Y3
O10004563,X3,Y2
O10004564,X3,Y1
O10004565,X3,Y0
O10004566,X3,Y0
O10004567,X3,Y2
O10004568,X3,Y1
O10004569,X3,Y0
O10004570,X3,Y3
O10004571,X3,Y2
O10004572,X3,Y2
O10004573,X3,Y0
O10004574,X3,Y0
O10004575,X2,Y2
O10004576,X3,Y0
O10004577,X2,Y2
O10004578,X1,Y2
O10004579,X2,Y0
O10004580,X2,Y0
O10004581,X2,Y3
O10004582,X2,Y2
O10004583,X2,Y2
O10004584,X2,Y2
O10004585,X2,Y2
O10004586,X2,Y3
O10004587,X2,Y1
O10004588,X2,Y1
O10004589,X2,Y3
O10004590,X2,Y3
O10004591,X2,Y1
O10004592,X2,Y0
O10004593,X1,Y2
O10004594,X2,Y1
O10004595,X1,Y3
O10004596,X0,Y3
O10004597,X1,Y1
O10004598,X1,Y1
O10004599,X1,Y1
O10004600,X0,Y1
O10004601,X1,Y3
O10004602,X0,Y3
O10004603,X0,Y3
O10004604,X1,Y2
O10004605,X0,Y2
O10004606,X1,Y0
O10004607,X0,Y0
O10004608,X1,Y1
O10004609,X1,Y1
O10004610,X1,Y0
O10004611,X1,Y3
O10004612,X1,Y2
O10004613,X1,Y2
O10004614,X3,Y0
O10004615,X1,Y0
O10004616,X3,Y0
O10004617,X3,Y0
O10004618,X0,Y2
O10004619,X3,Y2
O10004620,X3,Y0
O10004621,X3,Y0
O10004622,X3,Y2
O10004623,X3,Y3
O10004624,X0,Y2
O10004625,X3,Y1
O10004626,X0,Y2
O10004627,X3,Y3
O10004628,X0,Y1
O10004629,X0,Y1
O10004630,X2,Y3
O10004631,X0,Y3
O10004632,X2,Y1
O10004633,X0,Y0
O10004634,X2,Y1
O10004635,X2,Y1
O10004636,X3,Y3
O10004637,X2,Y3
O10004638,X3,Y2
O10004639,X3,Y2
O10004640,X2,Y1
O10004641,X3,Y1
O10004642,X2,Y3
O10004643,X2,Y2
O10004644,X3,Y3
O10004645,X2,Y3
O10004646,X3,Y1
O10004647,X1,Y3
O10004648,X1,Y3
O10004649,X1,Y2
O10004650,X1,Y1
O10004651,X2,Y2
O10004652,X1,Y2
O10004653,X1,Y0
O10004654,X2,Y0
O10004655,X2,Y3
O10004656,X1,Y0
O10004657,X2,Y2
O10004658,X1,Y2
O10004659,X3,Y0
O10004660,X2,Y0
O10004661,X0,Y0
O10004662,X2,Y0
O10004663,X0,Y2
O10004664,X0,Y2
O10004665,X0,Y0
O10004666,X0,Y0
O10004667,X0,Y2
O10004668,X0,Y3
O10004669,X1,Y3
O10004670,X0,Y3
O10004671,X1,Y2
O10004672,X0,Y3
O10004673,X1,Y1
O10004674,X1,Y1
O10004675,X1,Y3
O10004676,X0,Y3
O10004677,X1,Y1
O10004678,X1,Y0
O10004679,X3,Y1
O10004680,X1,Y1
O10004681,X0,Y3
O10004682,X3,Y3
O10004683,X0,Y1
O10004684,X3,Y1
O10004685,X0,Y3
O10004686,X0,Y3
O10004687,X0,Y0
O10004688,X3,Y0
O10004689,X0,Y0
O10004690,X0,Y3
O10004691,X0,Y2
O10004692,X0,Y2
O10004693,X0,Y0
O10004694,X3,Y0
O10004695,X2,Y2
O10004696,X0,Y1
O10004697,X2,Y2
O10004698,X2,Y2
O10004699,X2,Y0
O10004700,X2,Y0
O10004701,X3,Y2
O10004702,X2,Y2
O10004703,X2,Y0
O10004704,X3,Y3
O10004705,X1,Y0
O10004706,X2,Y2
O10004707,X2,Y1
O10004708,X3,Y3
O10004709,X1,Y0
O10004710,X3,Y3
O10004711,X3,Y1
O10004712,X1,Y1
O10004713,X2,Y3
O10004714,X2,Y1
O10004715,X2,Y1
O10004716,X3,Y1
O10004717,X0,Y3
O10004718,X1,Y1
O10004719,X2,Y3
O10004720,X2,Y2
O10004721,X1,Y3
O10004722,X1,Y0
O10004723,X1,Y1
O10004724,X3,Y0
O10004725,X1,Y1
O10004726,X0,Y1
O10004727,X1,Y2
O10004728,X0,Y0
O10004729,X0,Y0
O10004730,X1,Y2
O10004731,X0,Y3
O10004732,X1,Y0
O10004733,X1,Y0
O10004734,X3,Y2
O10004735,X1,Y3
O10004736,X3,Y1
O10004737,X3,Y0
O10004738,X0,Y3
O10004739,X3,Y3
O10004740,X0,Y1
O10004741,X3,Y1
O10004742,X3,Y3
O10004743,X0,Y1
O10004744,X3,Y3
O10004745,X3,Y3
O10004746,X0,Y1
O10004747,X3,Y1
O10004748,X0,Y0
O10004749,X3,Y0
O10004750,X2,Y3
O10004751,X0,Y3
O10004752,X2,Y0
O10004753,X0,Y3
O10004754,X2,Y1
O10004755,X2,Y2
O10004756,X3,Y0
O10004757,X2,Y0
O10004758,X3,Y1
O10004759,X2,Y2
O10004760,X2,Y2
O10004761,X3,Y2
O10004762,X3,Y0
O10004763,X2,Y0
O10004764,X3,Y2
O10004765,X3,Y2
O10004766,X2,Y0
O10004767,X2,Y1
O10004768,X2,Y0
O10004769,X2,Y3
O10004770,X2,Y2
O10004771,X2,Y1
O10004772,X2,Y1
O10004773,X2,Y2
O10004774,X1,Y2
O10004775,X2,Y0
O10004776,X1,Y1
O10004777,X2,Y3
O10004778,X2,Y3
O10004779,X1,Y3
O10004780,X1,Y1
O10004781,X1,Y1
O10004782,X1,Y3
O10004783,X1,Y3
O10004784,X2,Y3
O10004785,X2,Y0
O10004786,X3,Y1
O10004787,X2,Y1
O10004788,X3,Y0
O10004789,X2,Y0
O10004790,X0,Y2
O10004791,X3,Y1
O10004792,X0,Y2
O10004793,X0,Y2
O10004794,X0,Y1
O10004795,X0,Y1
O10004796,X0,Y3
O10004797,X0,Y0
O10004798,X0,Y2
O10004799,X0,Y2
O10004800,X0,Y0
O10004801,X0,Y2
O10004802,X1,Y0
O10004803,X1,Y0
O10004804,X2,Y2
O10004805,X1,Y2
O10004806,X2,Y1
O10004807,X3,Y0
O10004808,X3,Y2
O10004809,X3,Y3
O10004810,X3,Y1
O10004811,X3,Y1
O10004812,X3,Y2
O10004813,X3,Y3
O10004814,X3,Y1
O10004815,X2,Y1
O10004816,X0,Y3
O10004817,X3,Y3
O10004818,X0,Y1
O10004819,X3,Y3
O10004820,X1,Y1
O10004821,X0,Y1
O10004822,X2,Y3
O10004823,X1,Y3
O10004824,X1,Y3
O10004825,X1,Y0
O10004826,X2,Y1
O10004827,X1,Y1
O10004828,X2,Y3
O10004829,X2,Y0
O10004830,X2,Y2
O10004831,X2,Y1
O10004832,X2,Y2
O10004833,X1,Y2
O10004834,X2,Y2
O10004835,X2,Y2
O10004836,X3,Y0
O10004837,X2,Y0
O10004838,X0,Y2
O10004839,X2,Y2
O10004840,X0,Y0
O10004841,X3,Y2
O10004842,X1,Y0
O10004843,X0,Y0
O10004844,X1,Y2
O10004845,X1,Y2
O10004846,X1,Y0
O10004847,X1,Y1
O10004848,X1,Y2
O10004849,X1,Y2
O10004850,X1,Y3
O10004851,X1,Y0
O10004852,X1,Y2
O10004853,X1,Y2
O10004854,X1,Y1
O10004855,X1,Y1
O10004856,X0,Y3
O10004857,X1,Y3
O10004858,X0,Y1
O10004859,X0,Y3
O10004860,X0,Y3
O10004861,X0,Y3
O10004862,X0,Y3
O10004863,X1,Y1
O10004864,X0,Y1
O10004865,X1,Y2
O10004866,X1,Y2
O10004867,X2,Y3
O10004868,X1,Y3
O10004869,X3,Y1
O10004870,X2,Y2
O10004871,X3,Y0
O10004872,X2,Y0
O10004873,X0,Y0
O10004874,X3,Y0
O10004875,X3,Y2
O10004876,X3,Y2
O10004877,X3,Y2
O10004878,X3,Y2
O10004879,X0,Y0
O10004880,X3,Y0
O10004881,X3,Y2
O10004882,X3,Y0
O10004883,X2,Y2
O10004884,X0,Y3
O10004885,X1,Y0
O10004886,X1,Y0
O10004887,X2,Y3
O10004888,X2,Y3
O10004889,X2,Y0
O10004890,X2,Y0
O10004891,X2,Y1
O10004892,X2,Y1
O10004893,X2,Y3
O10004894,X2,Y1
O10004895,X3,Y3
O10004896,X2,Y3
O10004897,X2,Y1
O10004898,X2,Y1
O10004899,X3,Y3
O10004900,X2,Y2
O10004901,X1,Y3
O10004902,X2,Y3
O10004903,X3,Y2
O10004904,X2,Y1
O10004905,X0,Y0
O10004906,X3,Y0
O10004907,X0,Y1
O10004908,X1,Y3
O10004909,X1,Y0
O10004910,X1,Y2
O10004911,X1,Y2
O10004912,X1,Y0
O10004913,X0,Y0
O10004914,X1,Y0
O10004915,X1,Y0
O10004916,X2,Y2
O10004917,X1,Y2
O10004918,X3,Y0
O10004919,X2,Y0
O10004920,X3,Y3
O10004921,X3,Y2
O10004922,X0,Y2
O10004923,X3,Y2
O10004924,X0,Y3
O10004925,X3,Y2
O10004926,X0,Y1
O10004927,X0,Y1
O10004928,X0,Y3
O10004929,X3,Y3
O10004930,X0,Y0
O10004931,X0,Y0
O10004932,X1,Y3
O10004933,X0,Y1
O10004934,X0,Y3
O10004935,X0,Y3
O10004936,X2,Y1
O10004937,X1,Y1
O10004938,X3,Y1
O10004939,X2,Y1
O10004940,X3,Y3
O10004941,X2,Y3
O10004942,X3,Y3
O10004943,X3,Y3
O10004944,X3,Y2
O10004945,X3,Y1
O10004946,X3,Y3
O10004947,X2,Y3
O10004948,X3,Y2
O10004949,X3,Y1
O10004950,X3,Y3
O10004951,X3,Y2
O10004952,X2,Y0
O10004953,X3,Y0
O10004954,X2,Y2
O10004955,X1,Y0
O10004956,X2,Y2
O10004957,X1,Y2
O10004958,X2,Y0
O10004959,X1,Y0
O10004960,X2,Y1
O10004961,X1,Y1
O10004962,X2,Y3
O10004963,X2,Y2
O10004964,X2,Y0
O10004965,X2,Y1
O10004966,X2,Y2
O10004967,X2,Y3
O10004968,X0,Y3
O10004969,X2,Y3
O10004970,X0,Y1
O10004971,X2,Y1
O10004972,X2,Y1
O10004973,X0,Y1
O10004974,X1,Y3
O10004975,X1,Y3
O10004976,X1,Y1
O10004977,X0,Y1
O10004978,X0,Y3
O10004979,X1,Y2
O10004980,X1,Y3
O10004981,X0,Y3
O10004982,X0,Y3
O10004983,X1,Y2
O10004984,X1,Y1
O10004985,X1,Y3
O10004986,X3,Y0
O10004987,X1,Y0
O10004988,X1,Y0
O10004989,X3,Y3
O10004990,X3,Y2
O10004991,X3,Y2
O10004992,X0,Y0
O10004993,X3,Y0
O10004994,X3,Y0
O10004995,X0,Y1
O10004996,X3,Y0
O10004997,X3,Y2
O10004998,X0,Y2
O10004999,X0,Y0
